Username,Password
PRF_TST_0201,Dcj78BF:@7X2&gE0201
PRF_TST_0202,Dcj78BF:@7X2&gE0202
PRF_TST_0203,Dcj78BF:@7X2&gE0203
PRF_TST_0204,Dcj78BF:@7X2&gE0204
PRF_TST_0205,Dcj78BF:@7X2&gE0205
PRF_TST_0206,Dcj78BF:@7X2&gE0206
PRF_TST_0207,Dcj78BF:@7X2&gE0207
PRF_TST_0208,Dcj78BF:@7X2&gE0208
PRF_TST_0209,Dcj78BF:@7X2&gE0209
PRF_TST_0210,Dcj78BF:@7X2&gE0210
PRF_TST_0211,Dcj78BF:@7X2&gE0211
PRF_TST_0212,Dcj78BF:@7X2&gE0212
PRF_TST_0213,Dcj78BF:@7X2&gE0213
PRF_TST_0214,Dcj78BF:@7X2&gE0214
PRF_TST_0215,Dcj78BF:@7X2&gE0215
PRF_TST_0216,Dcj78BF:@7X2&gE0216
PRF_TST_0217,Dcj78BF:@7X2&gE0217
PRF_TST_0218,Dcj78BF:@7X2&gE0218
PRF_TST_0219,Dcj78BF:@7X2&gE0219
PRF_TST_0220,Dcj78BF:@7X2&gE0220
PRF_TST_0221,Dcj78BF:@7X2&gE0221
PRF_TST_0222,Dcj78BF:@7X2&gE0222
PRF_TST_0223,Dcj78BF:@7X2&gE0223
PRF_TST_0224,Dcj78BF:@7X2&gE0224
PRF_TST_0225,Dcj78BF:@7X2&gE0225
PRF_TST_0226,Dcj78BF:@7X2&gE0226
PRF_TST_0227,Dcj78BF:@7X2&gE0227
PRF_TST_0228,Dcj78BF:@7X2&gE0228
PRF_TST_0229,Dcj78BF:@7X2&gE0229
PRF_TST_0230,Dcj78BF:@7X2&gE0230
PRF_TST_0231,Dcj78BF:@7X2&gE0231
PRF_TST_0232,Dcj78BF:@7X2&gE0232
PRF_TST_0233,Dcj78BF:@7X2&gE0233
PRF_TST_0234,Dcj78BF:@7X2&gE0234
PRF_TST_0235,Dcj78BF:@7X2&gE0235
PRF_TST_0236,Dcj78BF:@7X2&gE0236
PRF_TST_0237,Dcj78BF:@7X2&gE0237
PRF_TST_0238,Dcj78BF:@7X2&gE0238
PRF_TST_0239,Dcj78BF:@7X2&gE0239
PRF_TST_0240,Dcj78BF:@7X2&gE0240
PRF_TST_0241,Dcj78BF:@7X2&gE0241
PRF_TST_0242,Dcj78BF:@7X2&gE0242
PRF_TST_0243,Dcj78BF:@7X2&gE0243
PRF_TST_0244,Dcj78BF:@7X2&gE0244
PRF_TST_0245,Dcj78BF:@7X2&gE0245
PRF_TST_0246,Dcj78BF:@7X2&gE0246
PRF_TST_0247,Dcj78BF:@7X2&gE0247
PRF_TST_0248,Dcj78BF:@7X2&gE0248
PRF_TST_0249,Dcj78BF:@7X2&gE0249
PRF_TST_0250,Dcj78BF:@7X2&gE0250
PRF_TST_0251,Dcj78BF:@7X2&gE0251
PRF_TST_0252,Dcj78BF:@7X2&gE0252
PRF_TST_0253,Dcj78BF:@7X2&gE0253
PRF_TST_0254,Dcj78BF:@7X2&gE0254
PRF_TST_0255,Dcj78BF:@7X2&gE0255
PRF_TST_0256,Dcj78BF:@7X2&gE0256
PRF_TST_0257,Dcj78BF:@7X2&gE0257
PRF_TST_0258,Dcj78BF:@7X2&gE0258
PRF_TST_0259,Dcj78BF:@7X2&gE0259
PRF_TST_0260,Dcj78BF:@7X2&gE0260
PRF_TST_0261,Dcj78BF:@7X2&gE0261
PRF_TST_0262,Dcj78BF:@7X2&gE0262
PRF_TST_0263,Dcj78BF:@7X2&gE0263
PRF_TST_0264,Dcj78BF:@7X2&gE0264
PRF_TST_0265,Dcj78BF:@7X2&gE0265
PRF_TST_0266,Dcj78BF:@7X2&gE0266
PRF_TST_0267,Dcj78BF:@7X2&gE0267
PRF_TST_0268,Dcj78BF:@7X2&gE0268
PRF_TST_0269,Dcj78BF:@7X2&gE0269
PRF_TST_0270,Dcj78BF:@7X2&gE0270
PRF_TST_0271,Dcj78BF:@7X2&gE0271
PRF_TST_0272,Dcj78BF:@7X2&gE0272
PRF_TST_0273,Dcj78BF:@7X2&gE0273
PRF_TST_0274,Dcj78BF:@7X2&gE0274
PRF_TST_0275,Dcj78BF:@7X2&gE0275
PRF_TST_0276,Dcj78BF:@7X2&gE0276
PRF_TST_0277,Dcj78BF:@7X2&gE0277
PRF_TST_0278,Dcj78BF:@7X2&gE0278
PRF_TST_0279,Dcj78BF:@7X2&gE0279
PRF_TST_0280,Dcj78BF:@7X2&gE0280
PRF_TST_0281,Dcj78BF:@7X2&gE0281
PRF_TST_0282,Dcj78BF:@7X2&gE0282
PRF_TST_0283,Dcj78BF:@7X2&gE0283
PRF_TST_0284,Dcj78BF:@7X2&gE0284
PRF_TST_0285,Dcj78BF:@7X2&gE0285
PRF_TST_0286,Dcj78BF:@7X2&gE0286
PRF_TST_0287,Dcj78BF:@7X2&gE0287
PRF_TST_0288,Dcj78BF:@7X2&gE0288
PRF_TST_0289,Dcj78BF:@7X2&gE0289
PRF_TST_0290,Dcj78BF:@7X2&gE0290
PRF_TST_0291,Dcj78BF:@7X2&gE0291
PRF_TST_0292,Dcj78BF:@7X2&gE0292
PRF_TST_0293,Dcj78BF:@7X2&gE0293
PRF_TST_0294,Dcj78BF:@7X2&gE0294
PRF_TST_0295,Dcj78BF:@7X2&gE0295
PRF_TST_0296,Dcj78BF:@7X2&gE0296
PRF_TST_0297,Dcj78BF:@7X2&gE0297
PRF_TST_0298,Dcj78BF:@7X2&gE0298
PRF_TST_0299,Dcj78BF:@7X2&gE0299
PRF_TST_0300,Dcj78BF:@7X2&gE0300
PRF_TST_0301,Dcj78BF:@7X2&gE0301
PRF_TST_0302,Dcj78BF:@7X2&gE0302
PRF_TST_0303,Dcj78BF:@7X2&gE0303
PRF_TST_0304,Dcj78BF:@7X2&gE0304
PRF_TST_0305,Dcj78BF:@7X2&gE0305
PRF_TST_0306,Dcj78BF:@7X2&gE0306
PRF_TST_0307,Dcj78BF:@7X2&gE0307
PRF_TST_0308,Dcj78BF:@7X2&gE0308
PRF_TST_0309,Dcj78BF:@7X2&gE0309
PRF_TST_0310,Dcj78BF:@7X2&gE0310
PRF_TST_0311,Dcj78BF:@7X2&gE0311
PRF_TST_0312,Dcj78BF:@7X2&gE0312
PRF_TST_0313,Dcj78BF:@7X2&gE0313
PRF_TST_0314,Dcj78BF:@7X2&gE0314
PRF_TST_0315,Dcj78BF:@7X2&gE0315
PRF_TST_0316,Dcj78BF:@7X2&gE0316
PRF_TST_0317,Dcj78BF:@7X2&gE0317
PRF_TST_0318,Dcj78BF:@7X2&gE0318
PRF_TST_0319,Dcj78BF:@7X2&gE0319
PRF_TST_0320,Dcj78BF:@7X2&gE0320
PRF_TST_0321,Dcj78BF:@7X2&gE0321
PRF_TST_0322,Dcj78BF:@7X2&gE0322
PRF_TST_0323,Dcj78BF:@7X2&gE0323
PRF_TST_0324,Dcj78BF:@7X2&gE0324
PRF_TST_0325,Dcj78BF:@7X2&gE0325
PRF_TST_0326,Dcj78BF:@7X2&gE0326
PRF_TST_0327,Dcj78BF:@7X2&gE0327
PRF_TST_0328,Dcj78BF:@7X2&gE0328
PRF_TST_0329,Dcj78BF:@7X2&gE0329
PRF_TST_0330,Dcj78BF:@7X2&gE0330
PRF_TST_0331,Dcj78BF:@7X2&gE0331
PRF_TST_0332,Dcj78BF:@7X2&gE0332
PRF_TST_0333,Dcj78BF:@7X2&gE0333
PRF_TST_0334,Dcj78BF:@7X2&gE0334
PRF_TST_0335,Dcj78BF:@7X2&gE0335
PRF_TST_0336,Dcj78BF:@7X2&gE0336
PRF_TST_0337,Dcj78BF:@7X2&gE0337
PRF_TST_0338,Dcj78BF:@7X2&gE0338
PRF_TST_0339,Dcj78BF:@7X2&gE0339
PRF_TST_0340,Dcj78BF:@7X2&gE0340
PRF_TST_0341,Dcj78BF:@7X2&gE0341
PRF_TST_0342,Dcj78BF:@7X2&gE0342
PRF_TST_0343,Dcj78BF:@7X2&gE0343
PRF_TST_0344,Dcj78BF:@7X2&gE0344
PRF_TST_0345,Dcj78BF:@7X2&gE0345
PRF_TST_0346,Dcj78BF:@7X2&gE0346
PRF_TST_0347,Dcj78BF:@7X2&gE0347
PRF_TST_0348,Dcj78BF:@7X2&gE0348
PRF_TST_0349,Dcj78BF:@7X2&gE0349
PRF_TST_0350,Dcj78BF:@7X2&gE0350
PRF_TST_0351,Dcj78BF:@7X2&gE0351
PRF_TST_0352,Dcj78BF:@7X2&gE0352
PRF_TST_0353,Dcj78BF:@7X2&gE0353
PRF_TST_0354,Dcj78BF:@7X2&gE0354
PRF_TST_0355,Dcj78BF:@7X2&gE0355
PRF_TST_0356,Dcj78BF:@7X2&gE0356
PRF_TST_0357,Dcj78BF:@7X2&gE0357
PRF_TST_0358,Dcj78BF:@7X2&gE0358
PRF_TST_0359,Dcj78BF:@7X2&gE0359
PRF_TST_0360,Dcj78BF:@7X2&gE0360
PRF_TST_0361,Dcj78BF:@7X2&gE0361
PRF_TST_0362,Dcj78BF:@7X2&gE0362
PRF_TST_0363,Dcj78BF:@7X2&gE0363
PRF_TST_0364,Dcj78BF:@7X2&gE0364
PRF_TST_0365,Dcj78BF:@7X2&gE0365
PRF_TST_0366,Dcj78BF:@7X2&gE0366
PRF_TST_0367,Dcj78BF:@7X2&gE0367
PRF_TST_0368,Dcj78BF:@7X2&gE0368
PRF_TST_0369,Dcj78BF:@7X2&gE0369
PRF_TST_0370,Dcj78BF:@7X2&gE0370
PRF_TST_0371,Dcj78BF:@7X2&gE0371
PRF_TST_0372,Dcj78BF:@7X2&gE0372
PRF_TST_0373,Dcj78BF:@7X2&gE0373
PRF_TST_0374,Dcj78BF:@7X2&gE0374
PRF_TST_0375,Dcj78BF:@7X2&gE0375
PRF_TST_0376,Dcj78BF:@7X2&gE0376
PRF_TST_0377,Dcj78BF:@7X2&gE0377
PRF_TST_0378,Dcj78BF:@7X2&gE0378
PRF_TST_0379,Dcj78BF:@7X2&gE0379
PRF_TST_0380,Dcj78BF:@7X2&gE0380
PRF_TST_0381,Dcj78BF:@7X2&gE0381
PRF_TST_0382,Dcj78BF:@7X2&gE0382
PRF_TST_0383,Dcj78BF:@7X2&gE0383
PRF_TST_0384,Dcj78BF:@7X2&gE0384
PRF_TST_0385,Dcj78BF:@7X2&gE0385
PRF_TST_0386,Dcj78BF:@7X2&gE0386
PRF_TST_0387,Dcj78BF:@7X2&gE0387
PRF_TST_0388,Dcj78BF:@7X2&gE0388
PRF_TST_0389,Dcj78BF:@7X2&gE0389
PRF_TST_0390,Dcj78BF:@7X2&gE0390
PRF_TST_0391,Dcj78BF:@7X2&gE0391
PRF_TST_0392,Dcj78BF:@7X2&gE0392
PRF_TST_0393,Dcj78BF:@7X2&gE0393
PRF_TST_0394,Dcj78BF:@7X2&gE0394
PRF_TST_0395,Dcj78BF:@7X2&gE0395
PRF_TST_0396,Dcj78BF:@7X2&gE0396
PRF_TST_0397,Dcj78BF:@7X2&gE0397
PRF_TST_0398,Dcj78BF:@7X2&gE0398
PRF_TST_0399,Dcj78BF:@7X2&gE0399
PRF_TST_0400,Dcj78BF:@7X2&gE0400
PRF_TST_0401,Dcj78BF:@7X2&gE0401
PRF_TST_0402,Dcj78BF:@7X2&gE0402
PRF_TST_0403,Dcj78BF:@7X2&gE0403
PRF_TST_0404,Dcj78BF:@7X2&gE0404
PRF_TST_0405,Dcj78BF:@7X2&gE0405
PRF_TST_0406,Dcj78BF:@7X2&gE0406
PRF_TST_0407,Dcj78BF:@7X2&gE0407
PRF_TST_0408,Dcj78BF:@7X2&gE0408
PRF_TST_0409,Dcj78BF:@7X2&gE0409
PRF_TST_0410,Dcj78BF:@7X2&gE0410
PRF_TST_0411,Dcj78BF:@7X2&gE0411
PRF_TST_0412,Dcj78BF:@7X2&gE0412
PRF_TST_0413,Dcj78BF:@7X2&gE0413
PRF_TST_0414,Dcj78BF:@7X2&gE0414
PRF_TST_0415,Dcj78BF:@7X2&gE0415
PRF_TST_0416,Dcj78BF:@7X2&gE0416
PRF_TST_0417,Dcj78BF:@7X2&gE0417
PRF_TST_0418,Dcj78BF:@7X2&gE0418
PRF_TST_0419,Dcj78BF:@7X2&gE0419
PRF_TST_0420,Dcj78BF:@7X2&gE0420
PRF_TST_0421,Dcj78BF:@7X2&gE0421
PRF_TST_0422,Dcj78BF:@7X2&gE0422
PRF_TST_0423,Dcj78BF:@7X2&gE0423
PRF_TST_0424,Dcj78BF:@7X2&gE0424
PRF_TST_0425,Dcj78BF:@7X2&gE0425
PRF_TST_0426,Dcj78BF:@7X2&gE0426
PRF_TST_0427,Dcj78BF:@7X2&gE0427
PRF_TST_0428,Dcj78BF:@7X2&gE0428
PRF_TST_0429,Dcj78BF:@7X2&gE0429
PRF_TST_0430,Dcj78BF:@7X2&gE0430
PRF_TST_0431,Dcj78BF:@7X2&gE0431
PRF_TST_0432,Dcj78BF:@7X2&gE0432
PRF_TST_0433,Dcj78BF:@7X2&gE0433
PRF_TST_0434,Dcj78BF:@7X2&gE0434
PRF_TST_0435,Dcj78BF:@7X2&gE0435
PRF_TST_0436,Dcj78BF:@7X2&gE0436
PRF_TST_0437,Dcj78BF:@7X2&gE0437
PRF_TST_0438,Dcj78BF:@7X2&gE0438
PRF_TST_0439,Dcj78BF:@7X2&gE0439
PRF_TST_0440,Dcj78BF:@7X2&gE0440
PRF_TST_0441,Dcj78BF:@7X2&gE0441
PRF_TST_0442,Dcj78BF:@7X2&gE0442
PRF_TST_0443,Dcj78BF:@7X2&gE0443
PRF_TST_0444,Dcj78BF:@7X2&gE0444
PRF_TST_0445,Dcj78BF:@7X2&gE0445
PRF_TST_0446,Dcj78BF:@7X2&gE0446
PRF_TST_0447,Dcj78BF:@7X2&gE0447
PRF_TST_0448,Dcj78BF:@7X2&gE0448
PRF_TST_0449,Dcj78BF:@7X2&gE0449
PRF_TST_0450,Dcj78BF:@7X2&gE0450
PRF_TST_0451,Dcj78BF:@7X2&gE0451
PRF_TST_0452,Dcj78BF:@7X2&gE0452
PRF_TST_0453,Dcj78BF:@7X2&gE0453
PRF_TST_0454,Dcj78BF:@7X2&gE0454
PRF_TST_0455,Dcj78BF:@7X2&gE0455
PRF_TST_0456,Dcj78BF:@7X2&gE0456
PRF_TST_0457,Dcj78BF:@7X2&gE0457
PRF_TST_0458,Dcj78BF:@7X2&gE0458
PRF_TST_0459,Dcj78BF:@7X2&gE0459
PRF_TST_0460,Dcj78BF:@7X2&gE0460
PRF_TST_0461,Dcj78BF:@7X2&gE0461
PRF_TST_0462,Dcj78BF:@7X2&gE0462
PRF_TST_0463,Dcj78BF:@7X2&gE0463
PRF_TST_0464,Dcj78BF:@7X2&gE0464
PRF_TST_0465,Dcj78BF:@7X2&gE0465
PRF_TST_0466,Dcj78BF:@7X2&gE0466
PRF_TST_0467,Dcj78BF:@7X2&gE0467
PRF_TST_0468,Dcj78BF:@7X2&gE0468
PRF_TST_0469,Dcj78BF:@7X2&gE0469
PRF_TST_0470,Dcj78BF:@7X2&gE0470
PRF_TST_0471,Dcj78BF:@7X2&gE0471
PRF_TST_0472,Dcj78BF:@7X2&gE0472
PRF_TST_0473,Dcj78BF:@7X2&gE0473
PRF_TST_0474,Dcj78BF:@7X2&gE0474
PRF_TST_0475,Dcj78BF:@7X2&gE0475
PRF_TST_0476,Dcj78BF:@7X2&gE0476
PRF_TST_0477,Dcj78BF:@7X2&gE0477
PRF_TST_0478,Dcj78BF:@7X2&gE0478
PRF_TST_0479,Dcj78BF:@7X2&gE0479
PRF_TST_0480,Dcj78BF:@7X2&gE0480
PRF_TST_0481,Dcj78BF:@7X2&gE0481
PRF_TST_0482,Dcj78BF:@7X2&gE0482
PRF_TST_0483,Dcj78BF:@7X2&gE0483
PRF_TST_0484,Dcj78BF:@7X2&gE0484
PRF_TST_0485,Dcj78BF:@7X2&gE0485
PRF_TST_0486,Dcj78BF:@7X2&gE0486
PRF_TST_0487,Dcj78BF:@7X2&gE0487
PRF_TST_0488,Dcj78BF:@7X2&gE0488
PRF_TST_0489,Dcj78BF:@7X2&gE0489
PRF_TST_0490,Dcj78BF:@7X2&gE0490
PRF_TST_0491,Dcj78BF:@7X2&gE0491
PRF_TST_0492,Dcj78BF:@7X2&gE0492
PRF_TST_0493,Dcj78BF:@7X2&gE0493
PRF_TST_0494,Dcj78BF:@7X2&gE0494
PRF_TST_0495,Dcj78BF:@7X2&gE0495
PRF_TST_0496,Dcj78BF:@7X2&gE0496
PRF_TST_0497,Dcj78BF:@7X2&gE0497
PRF_TST_0498,Dcj78BF:@7X2&gE0498
PRF_TST_0499,Dcj78BF:@7X2&gE0499
PRF_TST_0500,Dcj78BF:@7X2&gE0500
PRF_TST_0501,Dcj78BF:@7X2&gE0501
PRF_TST_0502,Dcj78BF:@7X2&gE0502
PRF_TST_0503,Dcj78BF:@7X2&gE0503
PRF_TST_0504,Dcj78BF:@7X2&gE0504
PRF_TST_0505,Dcj78BF:@7X2&gE0505
PRF_TST_0506,Dcj78BF:@7X2&gE0506
PRF_TST_0507,Dcj78BF:@7X2&gE0507
PRF_TST_0508,Dcj78BF:@7X2&gE0508
PRF_TST_0509,Dcj78BF:@7X2&gE0509
PRF_TST_0510,Dcj78BF:@7X2&gE0510
PRF_TST_0511,Dcj78BF:@7X2&gE0511
PRF_TST_0512,Dcj78BF:@7X2&gE0512
PRF_TST_0513,Dcj78BF:@7X2&gE0513
PRF_TST_0514,Dcj78BF:@7X2&gE0514
PRF_TST_0515,Dcj78BF:@7X2&gE0515
PRF_TST_0516,Dcj78BF:@7X2&gE0516
PRF_TST_0517,Dcj78BF:@7X2&gE0517
PRF_TST_0518,Dcj78BF:@7X2&gE0518
PRF_TST_0519,Dcj78BF:@7X2&gE0519
PRF_TST_0520,Dcj78BF:@7X2&gE0520
PRF_TST_0521,Dcj78BF:@7X2&gE0521
PRF_TST_0522,Dcj78BF:@7X2&gE0522
PRF_TST_0523,Dcj78BF:@7X2&gE0523
PRF_TST_0524,Dcj78BF:@7X2&gE0524
PRF_TST_0525,Dcj78BF:@7X2&gE0525
PRF_TST_0526,Dcj78BF:@7X2&gE0526
PRF_TST_0527,Dcj78BF:@7X2&gE0527
PRF_TST_0528,Dcj78BF:@7X2&gE0528
PRF_TST_0529,Dcj78BF:@7X2&gE0529
PRF_TST_0530,Dcj78BF:@7X2&gE0530
PRF_TST_0531,Dcj78BF:@7X2&gE0531
PRF_TST_0532,Dcj78BF:@7X2&gE0532
PRF_TST_0533,Dcj78BF:@7X2&gE0533
PRF_TST_0534,Dcj78BF:@7X2&gE0534
PRF_TST_0535,Dcj78BF:@7X2&gE0535
PRF_TST_0536,Dcj78BF:@7X2&gE0536
PRF_TST_0537,Dcj78BF:@7X2&gE0537
PRF_TST_0538,Dcj78BF:@7X2&gE0538
PRF_TST_0539,Dcj78BF:@7X2&gE0539
PRF_TST_0540,Dcj78BF:@7X2&gE0540
PRF_TST_0541,Dcj78BF:@7X2&gE0541
PRF_TST_0542,Dcj78BF:@7X2&gE0542
PRF_TST_0543,Dcj78BF:@7X2&gE0543
PRF_TST_0544,Dcj78BF:@7X2&gE0544
PRF_TST_0545,Dcj78BF:@7X2&gE0545
PRF_TST_0546,Dcj78BF:@7X2&gE0546
PRF_TST_0547,Dcj78BF:@7X2&gE0547
PRF_TST_0548,Dcj78BF:@7X2&gE0548
PRF_TST_0549,Dcj78BF:@7X2&gE0549
PRF_TST_0550,Dcj78BF:@7X2&gE0550
PRF_TST_0551,Dcj78BF:@7X2&gE0551
PRF_TST_0552,Dcj78BF:@7X2&gE0552
PRF_TST_0553,Dcj78BF:@7X2&gE0553
PRF_TST_0554,Dcj78BF:@7X2&gE0554
PRF_TST_0555,Dcj78BF:@7X2&gE0555
PRF_TST_0556,Dcj78BF:@7X2&gE0556
PRF_TST_0557,Dcj78BF:@7X2&gE0557
PRF_TST_0558,Dcj78BF:@7X2&gE0558
PRF_TST_0559,Dcj78BF:@7X2&gE0559
PRF_TST_0560,Dcj78BF:@7X2&gE0560
PRF_TST_0561,Dcj78BF:@7X2&gE0561
PRF_TST_0562,Dcj78BF:@7X2&gE0562
PRF_TST_0563,Dcj78BF:@7X2&gE0563
PRF_TST_0564,Dcj78BF:@7X2&gE0564
PRF_TST_0565,Dcj78BF:@7X2&gE0565
PRF_TST_0566,Dcj78BF:@7X2&gE0566
PRF_TST_0567,Dcj78BF:@7X2&gE0567
PRF_TST_0568,Dcj78BF:@7X2&gE0568
PRF_TST_0569,Dcj78BF:@7X2&gE0569
PRF_TST_0570,Dcj78BF:@7X2&gE0570
PRF_TST_0571,Dcj78BF:@7X2&gE0571
PRF_TST_0572,Dcj78BF:@7X2&gE0572
PRF_TST_0573,Dcj78BF:@7X2&gE0573
PRF_TST_0574,Dcj78BF:@7X2&gE0574
PRF_TST_0575,Dcj78BF:@7X2&gE0575
PRF_TST_0576,Dcj78BF:@7X2&gE0576
PRF_TST_0577,Dcj78BF:@7X2&gE0577
PRF_TST_0578,Dcj78BF:@7X2&gE0578
PRF_TST_0579,Dcj78BF:@7X2&gE0579
PRF_TST_0580,Dcj78BF:@7X2&gE0580
PRF_TST_0581,Dcj78BF:@7X2&gE0581
PRF_TST_0582,Dcj78BF:@7X2&gE0582
PRF_TST_0583,Dcj78BF:@7X2&gE0583
PRF_TST_0584,Dcj78BF:@7X2&gE0584
PRF_TST_0585,Dcj78BF:@7X2&gE0585
PRF_TST_0586,Dcj78BF:@7X2&gE0586
PRF_TST_0587,Dcj78BF:@7X2&gE0587
PRF_TST_0588,Dcj78BF:@7X2&gE0588
PRF_TST_0589,Dcj78BF:@7X2&gE0589
PRF_TST_0590,Dcj78BF:@7X2&gE0590
PRF_TST_0591,Dcj78BF:@7X2&gE0591
PRF_TST_0592,Dcj78BF:@7X2&gE0592
PRF_TST_0593,Dcj78BF:@7X2&gE0593
PRF_TST_0594,Dcj78BF:@7X2&gE0594
PRF_TST_0595,Dcj78BF:@7X2&gE0595
PRF_TST_0596,Dcj78BF:@7X2&gE0596
PRF_TST_0597,Dcj78BF:@7X2&gE0597
PRF_TST_0598,Dcj78BF:@7X2&gE0598
PRF_TST_0599,Dcj78BF:@7X2&gE0599
PRF_TST_0600,Dcj78BF:@7X2&gE0600
PRF_TST_0601,Dcj78BF:@7X2&gE0601
PRF_TST_0602,Dcj78BF:@7X2&gE0602
PRF_TST_0603,Dcj78BF:@7X2&gE0603
PRF_TST_0604,Dcj78BF:@7X2&gE0604
PRF_TST_0605,Dcj78BF:@7X2&gE0605
PRF_TST_0606,Dcj78BF:@7X2&gE0606
PRF_TST_0607,Dcj78BF:@7X2&gE0607
PRF_TST_0608,Dcj78BF:@7X2&gE0608
PRF_TST_0609,Dcj78BF:@7X2&gE0609
PRF_TST_0610,Dcj78BF:@7X2&gE0610
PRF_TST_0611,Dcj78BF:@7X2&gE0611
PRF_TST_0612,Dcj78BF:@7X2&gE0612
PRF_TST_0613,Dcj78BF:@7X2&gE0613
PRF_TST_0614,Dcj78BF:@7X2&gE0614
PRF_TST_0615,Dcj78BF:@7X2&gE0615
PRF_TST_0616,Dcj78BF:@7X2&gE0616
PRF_TST_0617,Dcj78BF:@7X2&gE0617
PRF_TST_0618,Dcj78BF:@7X2&gE0618
PRF_TST_0619,Dcj78BF:@7X2&gE0619
PRF_TST_0620,Dcj78BF:@7X2&gE0620
PRF_TST_0621,Dcj78BF:@7X2&gE0621
PRF_TST_0622,Dcj78BF:@7X2&gE0622
PRF_TST_0623,Dcj78BF:@7X2&gE0623
PRF_TST_0624,Dcj78BF:@7X2&gE0624
PRF_TST_0625,Dcj78BF:@7X2&gE0625
PRF_TST_0626,Dcj78BF:@7X2&gE0626
PRF_TST_0627,Dcj78BF:@7X2&gE0627
PRF_TST_0628,Dcj78BF:@7X2&gE0628
PRF_TST_0629,Dcj78BF:@7X2&gE0629
PRF_TST_0630,Dcj78BF:@7X2&gE0630
PRF_TST_0631,Dcj78BF:@7X2&gE0631
PRF_TST_0632,Dcj78BF:@7X2&gE0632
PRF_TST_0633,Dcj78BF:@7X2&gE0633
PRF_TST_0634,Dcj78BF:@7X2&gE0634
PRF_TST_0635,Dcj78BF:@7X2&gE0635
PRF_TST_0636,Dcj78BF:@7X2&gE0636
PRF_TST_0637,Dcj78BF:@7X2&gE0637
PRF_TST_0638,Dcj78BF:@7X2&gE0638
PRF_TST_0639,Dcj78BF:@7X2&gE0639
PRF_TST_0640,Dcj78BF:@7X2&gE0640
PRF_TST_0641,Dcj78BF:@7X2&gE0641
PRF_TST_0642,Dcj78BF:@7X2&gE0642
PRF_TST_0643,Dcj78BF:@7X2&gE0643
PRF_TST_0644,Dcj78BF:@7X2&gE0644
PRF_TST_0645,Dcj78BF:@7X2&gE0645
PRF_TST_0646,Dcj78BF:@7X2&gE0646
PRF_TST_0647,Dcj78BF:@7X2&gE0647
PRF_TST_0648,Dcj78BF:@7X2&gE0648
PRF_TST_0649,Dcj78BF:@7X2&gE0649
PRF_TST_0650,Dcj78BF:@7X2&gE0650
PRF_TST_0651,Dcj78BF:@7X2&gE0651
PRF_TST_0652,Dcj78BF:@7X2&gE0652
PRF_TST_0653,Dcj78BF:@7X2&gE0653
PRF_TST_0654,Dcj78BF:@7X2&gE0654
PRF_TST_0655,Dcj78BF:@7X2&gE0655
PRF_TST_0656,Dcj78BF:@7X2&gE0656
PRF_TST_0657,Dcj78BF:@7X2&gE0657
PRF_TST_0658,Dcj78BF:@7X2&gE0658
PRF_TST_0659,Dcj78BF:@7X2&gE0659
PRF_TST_0660,Dcj78BF:@7X2&gE0660
PRF_TST_0661,Dcj78BF:@7X2&gE0661
PRF_TST_0662,Dcj78BF:@7X2&gE0662
PRF_TST_0663,Dcj78BF:@7X2&gE0663
PRF_TST_0664,Dcj78BF:@7X2&gE0664
PRF_TST_0665,Dcj78BF:@7X2&gE0665
PRF_TST_0666,Dcj78BF:@7X2&gE0666
PRF_TST_0667,Dcj78BF:@7X2&gE0667
PRF_TST_0668,Dcj78BF:@7X2&gE0668
PRF_TST_0669,Dcj78BF:@7X2&gE0669
PRF_TST_0670,Dcj78BF:@7X2&gE0670
PRF_TST_0671,Dcj78BF:@7X2&gE0671
PRF_TST_0672,Dcj78BF:@7X2&gE0672
PRF_TST_0673,Dcj78BF:@7X2&gE0673
PRF_TST_0674,Dcj78BF:@7X2&gE0674
PRF_TST_0675,Dcj78BF:@7X2&gE0675
PRF_TST_0676,Dcj78BF:@7X2&gE0676
PRF_TST_0677,Dcj78BF:@7X2&gE0677
PRF_TST_0678,Dcj78BF:@7X2&gE0678
PRF_TST_0679,Dcj78BF:@7X2&gE0679
PRF_TST_0680,Dcj78BF:@7X2&gE0680
PRF_TST_0681,Dcj78BF:@7X2&gE0681
PRF_TST_0682,Dcj78BF:@7X2&gE0682
PRF_TST_0683,Dcj78BF:@7X2&gE0683
PRF_TST_0684,Dcj78BF:@7X2&gE0684
PRF_TST_0685,Dcj78BF:@7X2&gE0685
PRF_TST_0686,Dcj78BF:@7X2&gE0686
PRF_TST_0687,Dcj78BF:@7X2&gE0687
PRF_TST_0688,Dcj78BF:@7X2&gE0688
PRF_TST_0689,Dcj78BF:@7X2&gE0689
PRF_TST_0690,Dcj78BF:@7X2&gE0690
PRF_TST_0691,Dcj78BF:@7X2&gE0691
PRF_TST_0692,Dcj78BF:@7X2&gE0692
PRF_TST_0693,Dcj78BF:@7X2&gE0693
PRF_TST_0694,Dcj78BF:@7X2&gE0694
PRF_TST_0695,Dcj78BF:@7X2&gE0695
PRF_TST_0696,Dcj78BF:@7X2&gE0696
PRF_TST_0697,Dcj78BF:@7X2&gE0697
PRF_TST_0698,Dcj78BF:@7X2&gE0698
PRF_TST_0699,Dcj78BF:@7X2&gE0699
PRF_TST_0700,Dcj78BF:@7X2&gE0700
PRF_TST_0701,Dcj78BF:@7X2&gE0701
PRF_TST_0702,Dcj78BF:@7X2&gE0702
PRF_TST_0703,Dcj78BF:@7X2&gE0703
PRF_TST_0704,Dcj78BF:@7X2&gE0704
PRF_TST_0705,Dcj78BF:@7X2&gE0705
PRF_TST_0706,Dcj78BF:@7X2&gE0706
PRF_TST_0707,Dcj78BF:@7X2&gE0707
PRF_TST_0708,Dcj78BF:@7X2&gE0708
PRF_TST_0709,Dcj78BF:@7X2&gE0709
PRF_TST_0710,Dcj78BF:@7X2&gE0710
PRF_TST_0711,Dcj78BF:@7X2&gE0711
PRF_TST_0712,Dcj78BF:@7X2&gE0712
PRF_TST_0713,Dcj78BF:@7X2&gE0713
PRF_TST_0714,Dcj78BF:@7X2&gE0714
PRF_TST_0715,Dcj78BF:@7X2&gE0715
PRF_TST_0716,Dcj78BF:@7X2&gE0716
PRF_TST_0717,Dcj78BF:@7X2&gE0717
PRF_TST_0718,Dcj78BF:@7X2&gE0718
PRF_TST_0719,Dcj78BF:@7X2&gE0719
PRF_TST_0720,Dcj78BF:@7X2&gE0720
PRF_TST_0721,Dcj78BF:@7X2&gE0721
PRF_TST_0722,Dcj78BF:@7X2&gE0722
PRF_TST_0723,Dcj78BF:@7X2&gE0723
PRF_TST_0724,Dcj78BF:@7X2&gE0724
PRF_TST_0725,Dcj78BF:@7X2&gE0725
PRF_TST_0726,Dcj78BF:@7X2&gE0726
PRF_TST_0727,Dcj78BF:@7X2&gE0727
PRF_TST_0728,Dcj78BF:@7X2&gE0728
PRF_TST_0729,Dcj78BF:@7X2&gE0729
PRF_TST_0730,Dcj78BF:@7X2&gE0730
PRF_TST_0731,Dcj78BF:@7X2&gE0731
PRF_TST_0732,Dcj78BF:@7X2&gE0732
PRF_TST_0733,Dcj78BF:@7X2&gE0733
PRF_TST_0734,Dcj78BF:@7X2&gE0734
PRF_TST_0735,Dcj78BF:@7X2&gE0735
PRF_TST_0736,Dcj78BF:@7X2&gE0736
PRF_TST_0737,Dcj78BF:@7X2&gE0737
PRF_TST_0738,Dcj78BF:@7X2&gE0738
PRF_TST_0739,Dcj78BF:@7X2&gE0739
PRF_TST_0740,Dcj78BF:@7X2&gE0740
PRF_TST_0741,Dcj78BF:@7X2&gE0741
PRF_TST_0742,Dcj78BF:@7X2&gE0742
PRF_TST_0743,Dcj78BF:@7X2&gE0743
PRF_TST_0744,Dcj78BF:@7X2&gE0744
PRF_TST_0745,Dcj78BF:@7X2&gE0745
PRF_TST_0746,Dcj78BF:@7X2&gE0746
PRF_TST_0747,Dcj78BF:@7X2&gE0747
PRF_TST_0748,Dcj78BF:@7X2&gE0748
PRF_TST_0749,Dcj78BF:@7X2&gE0749
PRF_TST_0750,Dcj78BF:@7X2&gE0750
PRF_TST_0751,Dcj78BF:@7X2&gE0751
PRF_TST_0752,Dcj78BF:@7X2&gE0752
PRF_TST_0753,Dcj78BF:@7X2&gE0753
PRF_TST_0754,Dcj78BF:@7X2&gE0754
PRF_TST_0755,Dcj78BF:@7X2&gE0755
PRF_TST_0756,Dcj78BF:@7X2&gE0756
PRF_TST_0757,Dcj78BF:@7X2&gE0757
PRF_TST_0758,Dcj78BF:@7X2&gE0758
PRF_TST_0759,Dcj78BF:@7X2&gE0759
PRF_TST_0760,Dcj78BF:@7X2&gE0760
PRF_TST_0761,Dcj78BF:@7X2&gE0761
PRF_TST_0762,Dcj78BF:@7X2&gE0762
PRF_TST_0763,Dcj78BF:@7X2&gE0763
PRF_TST_0764,Dcj78BF:@7X2&gE0764
PRF_TST_0765,Dcj78BF:@7X2&gE0765
PRF_TST_0766,Dcj78BF:@7X2&gE0766
PRF_TST_0767,Dcj78BF:@7X2&gE0767
PRF_TST_0768,Dcj78BF:@7X2&gE0768
PRF_TST_0769,Dcj78BF:@7X2&gE0769
PRF_TST_0770,Dcj78BF:@7X2&gE0770
PRF_TST_0771,Dcj78BF:@7X2&gE0771
PRF_TST_0772,Dcj78BF:@7X2&gE0772
PRF_TST_0773,Dcj78BF:@7X2&gE0773
PRF_TST_0774,Dcj78BF:@7X2&gE0774
PRF_TST_0775,Dcj78BF:@7X2&gE0775
PRF_TST_0776,Dcj78BF:@7X2&gE0776
PRF_TST_0777,Dcj78BF:@7X2&gE0777
PRF_TST_0778,Dcj78BF:@7X2&gE0778
PRF_TST_0779,Dcj78BF:@7X2&gE0779
PRF_TST_0780,Dcj78BF:@7X2&gE0780
PRF_TST_0781,Dcj78BF:@7X2&gE0781
PRF_TST_0782,Dcj78BF:@7X2&gE0782
PRF_TST_0783,Dcj78BF:@7X2&gE0783
PRF_TST_0784,Dcj78BF:@7X2&gE0784
PRF_TST_0785,Dcj78BF:@7X2&gE0785
PRF_TST_0786,Dcj78BF:@7X2&gE0786
PRF_TST_0787,Dcj78BF:@7X2&gE0787
PRF_TST_0788,Dcj78BF:@7X2&gE0788
PRF_TST_0789,Dcj78BF:@7X2&gE0789
PRF_TST_0790,Dcj78BF:@7X2&gE0790
PRF_TST_0791,Dcj78BF:@7X2&gE0791
PRF_TST_0792,Dcj78BF:@7X2&gE0792
PRF_TST_0793,Dcj78BF:@7X2&gE0793
PRF_TST_0794,Dcj78BF:@7X2&gE0794
PRF_TST_0795,Dcj78BF:@7X2&gE0795
PRF_TST_0796,Dcj78BF:@7X2&gE0796
PRF_TST_0797,Dcj78BF:@7X2&gE0797
PRF_TST_0798,Dcj78BF:@7X2&gE0798
PRF_TST_0799,Dcj78BF:@7X2&gE0799
PRF_TST_0800,Dcj78BF:@7X2&gE0800
PRF_TST_0801,Dcj78BF:@7X2&gE0801
PRF_TST_0802,Dcj78BF:@7X2&gE0802
PRF_TST_0803,Dcj78BF:@7X2&gE0803
PRF_TST_0804,Dcj78BF:@7X2&gE0804
PRF_TST_0805,Dcj78BF:@7X2&gE0805
PRF_TST_0806,Dcj78BF:@7X2&gE0806
PRF_TST_0807,Dcj78BF:@7X2&gE0807
PRF_TST_0808,Dcj78BF:@7X2&gE0808
PRF_TST_0809,Dcj78BF:@7X2&gE0809
PRF_TST_0810,Dcj78BF:@7X2&gE0810
PRF_TST_0811,Dcj78BF:@7X2&gE0811
PRF_TST_0812,Dcj78BF:@7X2&gE0812
PRF_TST_0813,Dcj78BF:@7X2&gE0813
PRF_TST_0814,Dcj78BF:@7X2&gE0814
PRF_TST_0815,Dcj78BF:@7X2&gE0815
PRF_TST_0816,Dcj78BF:@7X2&gE0816
PRF_TST_0817,Dcj78BF:@7X2&gE0817
PRF_TST_0818,Dcj78BF:@7X2&gE0818
PRF_TST_0819,Dcj78BF:@7X2&gE0819
PRF_TST_0820,Dcj78BF:@7X2&gE0820
PRF_TST_0821,Dcj78BF:@7X2&gE0821
PRF_TST_0822,Dcj78BF:@7X2&gE0822
PRF_TST_0823,Dcj78BF:@7X2&gE0823
PRF_TST_0824,Dcj78BF:@7X2&gE0824
PRF_TST_0825,Dcj78BF:@7X2&gE0825
PRF_TST_0826,Dcj78BF:@7X2&gE0826
PRF_TST_0827,Dcj78BF:@7X2&gE0827
PRF_TST_0828,Dcj78BF:@7X2&gE0828
PRF_TST_0829,Dcj78BF:@7X2&gE0829
PRF_TST_0830,Dcj78BF:@7X2&gE0830
PRF_TST_0831,Dcj78BF:@7X2&gE0831
PRF_TST_0832,Dcj78BF:@7X2&gE0832
PRF_TST_0833,Dcj78BF:@7X2&gE0833
PRF_TST_0834,Dcj78BF:@7X2&gE0834
PRF_TST_0835,Dcj78BF:@7X2&gE0835
PRF_TST_0836,Dcj78BF:@7X2&gE0836
PRF_TST_0837,Dcj78BF:@7X2&gE0837
PRF_TST_0838,Dcj78BF:@7X2&gE0838
PRF_TST_0839,Dcj78BF:@7X2&gE0839
PRF_TST_0840,Dcj78BF:@7X2&gE0840
PRF_TST_0841,Dcj78BF:@7X2&gE0841
PRF_TST_0842,Dcj78BF:@7X2&gE0842
PRF_TST_0843,Dcj78BF:@7X2&gE0843
PRF_TST_0844,Dcj78BF:@7X2&gE0844
PRF_TST_0845,Dcj78BF:@7X2&gE0845
PRF_TST_0846,Dcj78BF:@7X2&gE0846
PRF_TST_0847,Dcj78BF:@7X2&gE0847
PRF_TST_0848,Dcj78BF:@7X2&gE0848
PRF_TST_0849,Dcj78BF:@7X2&gE0849
PRF_TST_0850,Dcj78BF:@7X2&gE0850
PRF_TST_0851,Dcj78BF:@7X2&gE0851
PRF_TST_0852,Dcj78BF:@7X2&gE0852
PRF_TST_0853,Dcj78BF:@7X2&gE0853
PRF_TST_0854,Dcj78BF:@7X2&gE0854
PRF_TST_0855,Dcj78BF:@7X2&gE0855
PRF_TST_0856,Dcj78BF:@7X2&gE0856
PRF_TST_0857,Dcj78BF:@7X2&gE0857
PRF_TST_0858,Dcj78BF:@7X2&gE0858
PRF_TST_0859,Dcj78BF:@7X2&gE0859
PRF_TST_0860,Dcj78BF:@7X2&gE0860
PRF_TST_0861,Dcj78BF:@7X2&gE0861
PRF_TST_0862,Dcj78BF:@7X2&gE0862
PRF_TST_0863,Dcj78BF:@7X2&gE0863
PRF_TST_0864,Dcj78BF:@7X2&gE0864
PRF_TST_0865,Dcj78BF:@7X2&gE0865
PRF_TST_0866,Dcj78BF:@7X2&gE0866
PRF_TST_0867,Dcj78BF:@7X2&gE0867
PRF_TST_0868,Dcj78BF:@7X2&gE0868
PRF_TST_0869,Dcj78BF:@7X2&gE0869
PRF_TST_0870,Dcj78BF:@7X2&gE0870
PRF_TST_0871,Dcj78BF:@7X2&gE0871
PRF_TST_0872,Dcj78BF:@7X2&gE0872
PRF_TST_0873,Dcj78BF:@7X2&gE0873
PRF_TST_0874,Dcj78BF:@7X2&gE0874
PRF_TST_0875,Dcj78BF:@7X2&gE0875
PRF_TST_0876,Dcj78BF:@7X2&gE0876
PRF_TST_0877,Dcj78BF:@7X2&gE0877
PRF_TST_0878,Dcj78BF:@7X2&gE0878
PRF_TST_0879,Dcj78BF:@7X2&gE0879
PRF_TST_0880,Dcj78BF:@7X2&gE0880
PRF_TST_0881,Dcj78BF:@7X2&gE0881
PRF_TST_0882,Dcj78BF:@7X2&gE0882
PRF_TST_0883,Dcj78BF:@7X2&gE0883
PRF_TST_0884,Dcj78BF:@7X2&gE0884
PRF_TST_0885,Dcj78BF:@7X2&gE0885
PRF_TST_0886,Dcj78BF:@7X2&gE0886
PRF_TST_0887,Dcj78BF:@7X2&gE0887
PRF_TST_0888,Dcj78BF:@7X2&gE0888
PRF_TST_0889,Dcj78BF:@7X2&gE0889
PRF_TST_0890,Dcj78BF:@7X2&gE0890
PRF_TST_0891,Dcj78BF:@7X2&gE0891
PRF_TST_0892,Dcj78BF:@7X2&gE0892
PRF_TST_0893,Dcj78BF:@7X2&gE0893
PRF_TST_0894,Dcj78BF:@7X2&gE0894
PRF_TST_0895,Dcj78BF:@7X2&gE0895
PRF_TST_0896,Dcj78BF:@7X2&gE0896
PRF_TST_0897,Dcj78BF:@7X2&gE0897
PRF_TST_0898,Dcj78BF:@7X2&gE0898
PRF_TST_0899,Dcj78BF:@7X2&gE0899
PRF_TST_0900,Dcj78BF:@7X2&gE0900
PRF_TST_0901,Dcj78BF:@7X2&gE0901
PRF_TST_0902,Dcj78BF:@7X2&gE0902
PRF_TST_0903,Dcj78BF:@7X2&gE0903
PRF_TST_0904,Dcj78BF:@7X2&gE0904
PRF_TST_0905,Dcj78BF:@7X2&gE0905
PRF_TST_0906,Dcj78BF:@7X2&gE0906
PRF_TST_0907,Dcj78BF:@7X2&gE0907
PRF_TST_0908,Dcj78BF:@7X2&gE0908
PRF_TST_0909,Dcj78BF:@7X2&gE0909
PRF_TST_0910,Dcj78BF:@7X2&gE0910
PRF_TST_0911,Dcj78BF:@7X2&gE0911
PRF_TST_0912,Dcj78BF:@7X2&gE0912
PRF_TST_0913,Dcj78BF:@7X2&gE0913
PRF_TST_0914,Dcj78BF:@7X2&gE0914
PRF_TST_0915,Dcj78BF:@7X2&gE0915
PRF_TST_0916,Dcj78BF:@7X2&gE0916
PRF_TST_0917,Dcj78BF:@7X2&gE0917
PRF_TST_0918,Dcj78BF:@7X2&gE0918
PRF_TST_0919,Dcj78BF:@7X2&gE0919
PRF_TST_0920,Dcj78BF:@7X2&gE0920
PRF_TST_0921,Dcj78BF:@7X2&gE0921
PRF_TST_0922,Dcj78BF:@7X2&gE0922
PRF_TST_0923,Dcj78BF:@7X2&gE0923
PRF_TST_0924,Dcj78BF:@7X2&gE0924
PRF_TST_0925,Dcj78BF:@7X2&gE0925
PRF_TST_0926,Dcj78BF:@7X2&gE0926
PRF_TST_0927,Dcj78BF:@7X2&gE0927
PRF_TST_0928,Dcj78BF:@7X2&gE0928
PRF_TST_0929,Dcj78BF:@7X2&gE0929
PRF_TST_0930,Dcj78BF:@7X2&gE0930
PRF_TST_0931,Dcj78BF:@7X2&gE0931
PRF_TST_0932,Dcj78BF:@7X2&gE0932
PRF_TST_0933,Dcj78BF:@7X2&gE0933
PRF_TST_0934,Dcj78BF:@7X2&gE0934
PRF_TST_0935,Dcj78BF:@7X2&gE0935
PRF_TST_0936,Dcj78BF:@7X2&gE0936
PRF_TST_0937,Dcj78BF:@7X2&gE0937
PRF_TST_0938,Dcj78BF:@7X2&gE0938
PRF_TST_0939,Dcj78BF:@7X2&gE0939
PRF_TST_0940,Dcj78BF:@7X2&gE0940
PRF_TST_0941,Dcj78BF:@7X2&gE0941
PRF_TST_0942,Dcj78BF:@7X2&gE0942
PRF_TST_0943,Dcj78BF:@7X2&gE0943
PRF_TST_0944,Dcj78BF:@7X2&gE0944
PRF_TST_0945,Dcj78BF:@7X2&gE0945
PRF_TST_0946,Dcj78BF:@7X2&gE0946
PRF_TST_0947,Dcj78BF:@7X2&gE0947
PRF_TST_0948,Dcj78BF:@7X2&gE0948
PRF_TST_0949,Dcj78BF:@7X2&gE0949
PRF_TST_0950,Dcj78BF:@7X2&gE0950
PRF_TST_0951,Dcj78BF:@7X2&gE0951
PRF_TST_0952,Dcj78BF:@7X2&gE0952
PRF_TST_0953,Dcj78BF:@7X2&gE0953
PRF_TST_0954,Dcj78BF:@7X2&gE0954
PRF_TST_0955,Dcj78BF:@7X2&gE0955
PRF_TST_0956,Dcj78BF:@7X2&gE0956
PRF_TST_0957,Dcj78BF:@7X2&gE0957
PRF_TST_0958,Dcj78BF:@7X2&gE0958
PRF_TST_0959,Dcj78BF:@7X2&gE0959
PRF_TST_0960,Dcj78BF:@7X2&gE0960
PRF_TST_0961,Dcj78BF:@7X2&gE0961
PRF_TST_0962,Dcj78BF:@7X2&gE0962
PRF_TST_0963,Dcj78BF:@7X2&gE0963
PRF_TST_0964,Dcj78BF:@7X2&gE0964
PRF_TST_0965,Dcj78BF:@7X2&gE0965
PRF_TST_0966,Dcj78BF:@7X2&gE0966
PRF_TST_0967,Dcj78BF:@7X2&gE0967
PRF_TST_0968,Dcj78BF:@7X2&gE0968
PRF_TST_0969,Dcj78BF:@7X2&gE0969
PRF_TST_0970,Dcj78BF:@7X2&gE0970
PRF_TST_0971,Dcj78BF:@7X2&gE0971
PRF_TST_0972,Dcj78BF:@7X2&gE0972
PRF_TST_0973,Dcj78BF:@7X2&gE0973
PRF_TST_0974,Dcj78BF:@7X2&gE0974
PRF_TST_0975,Dcj78BF:@7X2&gE0975
PRF_TST_0976,Dcj78BF:@7X2&gE0976
PRF_TST_0977,Dcj78BF:@7X2&gE0977
PRF_TST_0978,Dcj78BF:@7X2&gE0978
PRF_TST_0979,Dcj78BF:@7X2&gE0979
PRF_TST_0980,Dcj78BF:@7X2&gE0980
PRF_TST_0981,Dcj78BF:@7X2&gE0981
PRF_TST_0982,Dcj78BF:@7X2&gE0982
PRF_TST_0983,Dcj78BF:@7X2&gE0983
PRF_TST_0984,Dcj78BF:@7X2&gE0984
PRF_TST_0985,Dcj78BF:@7X2&gE0985
PRF_TST_0986,Dcj78BF:@7X2&gE0986
PRF_TST_0987,Dcj78BF:@7X2&gE0987
PRF_TST_0988,Dcj78BF:@7X2&gE0988
PRF_TST_0989,Dcj78BF:@7X2&gE0989
PRF_TST_0990,Dcj78BF:@7X2&gE0990
PRF_TST_0991,Dcj78BF:@7X2&gE0991
PRF_TST_0992,Dcj78BF:@7X2&gE0992
PRF_TST_0993,Dcj78BF:@7X2&gE0993
PRF_TST_0994,Dcj78BF:@7X2&gE0994
PRF_TST_0995,Dcj78BF:@7X2&gE0995
PRF_TST_0996,Dcj78BF:@7X2&gE0996
PRF_TST_0997,Dcj78BF:@7X2&gE0997
PRF_TST_0998,Dcj78BF:@7X2&gE0998
PRF_TST_0999,Dcj78BF:@7X2&gE0999
PRF_TST_1000,Dcj78BF:@7X2&gE1000
PRF_TST_1001,Dcj78BF:@7X2&gE1001
PRF_TST_1002,Dcj78BF:@7X2&gE1002
PRF_TST_1003,Dcj78BF:@7X2&gE1003
PRF_TST_1004,Dcj78BF:@7X2&gE1004
PRF_TST_1005,Dcj78BF:@7X2&gE1005
PRF_TST_1006,Dcj78BF:@7X2&gE1006
PRF_TST_1007,Dcj78BF:@7X2&gE1007
PRF_TST_1008,Dcj78BF:@7X2&gE1008
PRF_TST_1009,Dcj78BF:@7X2&gE1009
PRF_TST_1010,Dcj78BF:@7X2&gE1010
PRF_TST_1011,Dcj78BF:@7X2&gE1011
PRF_TST_1012,Dcj78BF:@7X2&gE1012
PRF_TST_1013,Dcj78BF:@7X2&gE1013
PRF_TST_1014,Dcj78BF:@7X2&gE1014
PRF_TST_1015,Dcj78BF:@7X2&gE1015
PRF_TST_1016,Dcj78BF:@7X2&gE1016
PRF_TST_1017,Dcj78BF:@7X2&gE1017
PRF_TST_1018,Dcj78BF:@7X2&gE1018
PRF_TST_1019,Dcj78BF:@7X2&gE1019
PRF_TST_1020,Dcj78BF:@7X2&gE1020
PRF_TST_1021,Dcj78BF:@7X2&gE1021
PRF_TST_1022,Dcj78BF:@7X2&gE1022
PRF_TST_1023,Dcj78BF:@7X2&gE1023
PRF_TST_1024,Dcj78BF:@7X2&gE1024
PRF_TST_1025,Dcj78BF:@7X2&gE1025
PRF_TST_1026,Dcj78BF:@7X2&gE1026
PRF_TST_1027,Dcj78BF:@7X2&gE1027
PRF_TST_1028,Dcj78BF:@7X2&gE1028
PRF_TST_1029,Dcj78BF:@7X2&gE1029
PRF_TST_1030,Dcj78BF:@7X2&gE1030
PRF_TST_1031,Dcj78BF:@7X2&gE1031
PRF_TST_1032,Dcj78BF:@7X2&gE1032
PRF_TST_1033,Dcj78BF:@7X2&gE1033
PRF_TST_1034,Dcj78BF:@7X2&gE1034
PRF_TST_1035,Dcj78BF:@7X2&gE1035
PRF_TST_1036,Dcj78BF:@7X2&gE1036
PRF_TST_1037,Dcj78BF:@7X2&gE1037
PRF_TST_1038,Dcj78BF:@7X2&gE1038
PRF_TST_1039,Dcj78BF:@7X2&gE1039
PRF_TST_1040,Dcj78BF:@7X2&gE1040
PRF_TST_1041,Dcj78BF:@7X2&gE1041
PRF_TST_1042,Dcj78BF:@7X2&gE1042
PRF_TST_1043,Dcj78BF:@7X2&gE1043
PRF_TST_1044,Dcj78BF:@7X2&gE1044
PRF_TST_1045,Dcj78BF:@7X2&gE1045
PRF_TST_1046,Dcj78BF:@7X2&gE1046
PRF_TST_1047,Dcj78BF:@7X2&gE1047
PRF_TST_1048,Dcj78BF:@7X2&gE1048
PRF_TST_1049,Dcj78BF:@7X2&gE1049
PRF_TST_1050,Dcj78BF:@7X2&gE1050
PRF_TST_1051,Dcj78BF:@7X2&gE1051
PRF_TST_1052,Dcj78BF:@7X2&gE1052
PRF_TST_1053,Dcj78BF:@7X2&gE1053
PRF_TST_1054,Dcj78BF:@7X2&gE1054
PRF_TST_1055,Dcj78BF:@7X2&gE1055
PRF_TST_1056,Dcj78BF:@7X2&gE1056
PRF_TST_1057,Dcj78BF:@7X2&gE1057
PRF_TST_1058,Dcj78BF:@7X2&gE1058
PRF_TST_1059,Dcj78BF:@7X2&gE1059
PRF_TST_1060,Dcj78BF:@7X2&gE1060
PRF_TST_1061,Dcj78BF:@7X2&gE1061
PRF_TST_1062,Dcj78BF:@7X2&gE1062
PRF_TST_1063,Dcj78BF:@7X2&gE1063
PRF_TST_1064,Dcj78BF:@7X2&gE1064
PRF_TST_1065,Dcj78BF:@7X2&gE1065
PRF_TST_1066,Dcj78BF:@7X2&gE1066
PRF_TST_1067,Dcj78BF:@7X2&gE1067
PRF_TST_1068,Dcj78BF:@7X2&gE1068
PRF_TST_1069,Dcj78BF:@7X2&gE1069
PRF_TST_1070,Dcj78BF:@7X2&gE1070
PRF_TST_1071,Dcj78BF:@7X2&gE1071
PRF_TST_1072,Dcj78BF:@7X2&gE1072
PRF_TST_1073,Dcj78BF:@7X2&gE1073
PRF_TST_1074,Dcj78BF:@7X2&gE1074
PRF_TST_1075,Dcj78BF:@7X2&gE1075
PRF_TST_1076,Dcj78BF:@7X2&gE1076
PRF_TST_1077,Dcj78BF:@7X2&gE1077
PRF_TST_1078,Dcj78BF:@7X2&gE1078
PRF_TST_1079,Dcj78BF:@7X2&gE1079
PRF_TST_1080,Dcj78BF:@7X2&gE1080
PRF_TST_1081,Dcj78BF:@7X2&gE1081
PRF_TST_1082,Dcj78BF:@7X2&gE1082
PRF_TST_1083,Dcj78BF:@7X2&gE1083
PRF_TST_1084,Dcj78BF:@7X2&gE1084
PRF_TST_1085,Dcj78BF:@7X2&gE1085
PRF_TST_1086,Dcj78BF:@7X2&gE1086
PRF_TST_1087,Dcj78BF:@7X2&gE1087
PRF_TST_1088,Dcj78BF:@7X2&gE1088
PRF_TST_1089,Dcj78BF:@7X2&gE1089
PRF_TST_1090,Dcj78BF:@7X2&gE1090
PRF_TST_1091,Dcj78BF:@7X2&gE1091
PRF_TST_1092,Dcj78BF:@7X2&gE1092
PRF_TST_1093,Dcj78BF:@7X2&gE1093
PRF_TST_1094,Dcj78BF:@7X2&gE1094
PRF_TST_1095,Dcj78BF:@7X2&gE1095
PRF_TST_1096,Dcj78BF:@7X2&gE1096
PRF_TST_1097,Dcj78BF:@7X2&gE1097
PRF_TST_1098,Dcj78BF:@7X2&gE1098
PRF_TST_1099,Dcj78BF:@7X2&gE1099
PRF_TST_1100,Dcj78BF:@7X2&gE1100
PRF_TST_1101,Dcj78BF:@7X2&gE1101
PRF_TST_1102,Dcj78BF:@7X2&gE1102
PRF_TST_1103,Dcj78BF:@7X2&gE1103
PRF_TST_1104,Dcj78BF:@7X2&gE1104
PRF_TST_1105,Dcj78BF:@7X2&gE1105
PRF_TST_1106,Dcj78BF:@7X2&gE1106
PRF_TST_1107,Dcj78BF:@7X2&gE1107
PRF_TST_1108,Dcj78BF:@7X2&gE1108
PRF_TST_1109,Dcj78BF:@7X2&gE1109
PRF_TST_1110,Dcj78BF:@7X2&gE1110
PRF_TST_1111,Dcj78BF:@7X2&gE1111
PRF_TST_1112,Dcj78BF:@7X2&gE1112
PRF_TST_1113,Dcj78BF:@7X2&gE1113
PRF_TST_1114,Dcj78BF:@7X2&gE1114
PRF_TST_1115,Dcj78BF:@7X2&gE1115
PRF_TST_1116,Dcj78BF:@7X2&gE1116
PRF_TST_1117,Dcj78BF:@7X2&gE1117
PRF_TST_1118,Dcj78BF:@7X2&gE1118
PRF_TST_1119,Dcj78BF:@7X2&gE1119
PRF_TST_1120,Dcj78BF:@7X2&gE1120
PRF_TST_1121,Dcj78BF:@7X2&gE1121
PRF_TST_1122,Dcj78BF:@7X2&gE1122
PRF_TST_1123,Dcj78BF:@7X2&gE1123
PRF_TST_1124,Dcj78BF:@7X2&gE1124
PRF_TST_1125,Dcj78BF:@7X2&gE1125
PRF_TST_1126,Dcj78BF:@7X2&gE1126
PRF_TST_1127,Dcj78BF:@7X2&gE1127
PRF_TST_1128,Dcj78BF:@7X2&gE1128
PRF_TST_1129,Dcj78BF:@7X2&gE1129
PRF_TST_1130,Dcj78BF:@7X2&gE1130
PRF_TST_1131,Dcj78BF:@7X2&gE1131
PRF_TST_1132,Dcj78BF:@7X2&gE1132
PRF_TST_1133,Dcj78BF:@7X2&gE1133
PRF_TST_1134,Dcj78BF:@7X2&gE1134
PRF_TST_1135,Dcj78BF:@7X2&gE1135
PRF_TST_1136,Dcj78BF:@7X2&gE1136
PRF_TST_1137,Dcj78BF:@7X2&gE1137
PRF_TST_1138,Dcj78BF:@7X2&gE1138
PRF_TST_1139,Dcj78BF:@7X2&gE1139
PRF_TST_1140,Dcj78BF:@7X2&gE1140
PRF_TST_1141,Dcj78BF:@7X2&gE1141
PRF_TST_1142,Dcj78BF:@7X2&gE1142
PRF_TST_1143,Dcj78BF:@7X2&gE1143
PRF_TST_1144,Dcj78BF:@7X2&gE1144
PRF_TST_1145,Dcj78BF:@7X2&gE1145
PRF_TST_1146,Dcj78BF:@7X2&gE1146
PRF_TST_1147,Dcj78BF:@7X2&gE1147
PRF_TST_1148,Dcj78BF:@7X2&gE1148
PRF_TST_1149,Dcj78BF:@7X2&gE1149
PRF_TST_1150,Dcj78BF:@7X2&gE1150
PRF_TST_1151,Dcj78BF:@7X2&gE1151
PRF_TST_1152,Dcj78BF:@7X2&gE1152
PRF_TST_1153,Dcj78BF:@7X2&gE1153
PRF_TST_1154,Dcj78BF:@7X2&gE1154
PRF_TST_1155,Dcj78BF:@7X2&gE1155
PRF_TST_1156,Dcj78BF:@7X2&gE1156
PRF_TST_1157,Dcj78BF:@7X2&gE1157
PRF_TST_1158,Dcj78BF:@7X2&gE1158
PRF_TST_1159,Dcj78BF:@7X2&gE1159
PRF_TST_1160,Dcj78BF:@7X2&gE1160
PRF_TST_1161,Dcj78BF:@7X2&gE1161
PRF_TST_1162,Dcj78BF:@7X2&gE1162
PRF_TST_1163,Dcj78BF:@7X2&gE1163
PRF_TST_1164,Dcj78BF:@7X2&gE1164
PRF_TST_1165,Dcj78BF:@7X2&gE1165
PRF_TST_1166,Dcj78BF:@7X2&gE1166
PRF_TST_1167,Dcj78BF:@7X2&gE1167
PRF_TST_1168,Dcj78BF:@7X2&gE1168
PRF_TST_1169,Dcj78BF:@7X2&gE1169
PRF_TST_1170,Dcj78BF:@7X2&gE1170
PRF_TST_1171,Dcj78BF:@7X2&gE1171
PRF_TST_1172,Dcj78BF:@7X2&gE1172
PRF_TST_1173,Dcj78BF:@7X2&gE1173
PRF_TST_1174,Dcj78BF:@7X2&gE1174
PRF_TST_1175,Dcj78BF:@7X2&gE1175
PRF_TST_1176,Dcj78BF:@7X2&gE1176
PRF_TST_1177,Dcj78BF:@7X2&gE1177
PRF_TST_1178,Dcj78BF:@7X2&gE1178
PRF_TST_1179,Dcj78BF:@7X2&gE1179
PRF_TST_1180,Dcj78BF:@7X2&gE1180
PRF_TST_1181,Dcj78BF:@7X2&gE1181
PRF_TST_1182,Dcj78BF:@7X2&gE1182
PRF_TST_1183,Dcj78BF:@7X2&gE1183
PRF_TST_1184,Dcj78BF:@7X2&gE1184
PRF_TST_1185,Dcj78BF:@7X2&gE1185
PRF_TST_1186,Dcj78BF:@7X2&gE1186
PRF_TST_1187,Dcj78BF:@7X2&gE1187
PRF_TST_1188,Dcj78BF:@7X2&gE1188
PRF_TST_1189,Dcj78BF:@7X2&gE1189
PRF_TST_1190,Dcj78BF:@7X2&gE1190
PRF_TST_1191,Dcj78BF:@7X2&gE1191
PRF_TST_1192,Dcj78BF:@7X2&gE1192
PRF_TST_1193,Dcj78BF:@7X2&gE1193
PRF_TST_1194,Dcj78BF:@7X2&gE1194
PRF_TST_1195,Dcj78BF:@7X2&gE1195
PRF_TST_1196,Dcj78BF:@7X2&gE1196
PRF_TST_1197,Dcj78BF:@7X2&gE1197
PRF_TST_1198,Dcj78BF:@7X2&gE1198
PRF_TST_1199,Dcj78BF:@7X2&gE1199
PRF_TST_1200,Dcj78BF:@7X2&gE1200
PRF_TST_1201,Dcj78BF:@7X2&gE1201
PRF_TST_1202,Dcj78BF:@7X2&gE1202
PRF_TST_1203,Dcj78BF:@7X2&gE1203
PRF_TST_1204,Dcj78BF:@7X2&gE1204
PRF_TST_1205,Dcj78BF:@7X2&gE1205
PRF_TST_1206,Dcj78BF:@7X2&gE1206
PRF_TST_1207,Dcj78BF:@7X2&gE1207
PRF_TST_1208,Dcj78BF:@7X2&gE1208
PRF_TST_1209,Dcj78BF:@7X2&gE1209
PRF_TST_1210,Dcj78BF:@7X2&gE1210
PRF_TST_1211,Dcj78BF:@7X2&gE1211
PRF_TST_1212,Dcj78BF:@7X2&gE1212
PRF_TST_1213,Dcj78BF:@7X2&gE1213
PRF_TST_1214,Dcj78BF:@7X2&gE1214
PRF_TST_1215,Dcj78BF:@7X2&gE1215
PRF_TST_1216,Dcj78BF:@7X2&gE1216
PRF_TST_1217,Dcj78BF:@7X2&gE1217
PRF_TST_1218,Dcj78BF:@7X2&gE1218
PRF_TST_1219,Dcj78BF:@7X2&gE1219
PRF_TST_1220,Dcj78BF:@7X2&gE1220
PRF_TST_1221,Dcj78BF:@7X2&gE1221
PRF_TST_1222,Dcj78BF:@7X2&gE1222
PRF_TST_1223,Dcj78BF:@7X2&gE1223
PRF_TST_1224,Dcj78BF:@7X2&gE1224
PRF_TST_1225,Dcj78BF:@7X2&gE1225
PRF_TST_1226,Dcj78BF:@7X2&gE1226
PRF_TST_1227,Dcj78BF:@7X2&gE1227
PRF_TST_1228,Dcj78BF:@7X2&gE1228
PRF_TST_1229,Dcj78BF:@7X2&gE1229
PRF_TST_1230,Dcj78BF:@7X2&gE1230
PRF_TST_1231,Dcj78BF:@7X2&gE1231
PRF_TST_1232,Dcj78BF:@7X2&gE1232
PRF_TST_1233,Dcj78BF:@7X2&gE1233
PRF_TST_1234,Dcj78BF:@7X2&gE1234
PRF_TST_1235,Dcj78BF:@7X2&gE1235
PRF_TST_1236,Dcj78BF:@7X2&gE1236
PRF_TST_1237,Dcj78BF:@7X2&gE1237
PRF_TST_1238,Dcj78BF:@7X2&gE1238
PRF_TST_1239,Dcj78BF:@7X2&gE1239
PRF_TST_1240,Dcj78BF:@7X2&gE1240
PRF_TST_1241,Dcj78BF:@7X2&gE1241
PRF_TST_1242,Dcj78BF:@7X2&gE1242
PRF_TST_1243,Dcj78BF:@7X2&gE1243
PRF_TST_1244,Dcj78BF:@7X2&gE1244
PRF_TST_1245,Dcj78BF:@7X2&gE1245
PRF_TST_1246,Dcj78BF:@7X2&gE1246
PRF_TST_1247,Dcj78BF:@7X2&gE1247
PRF_TST_1248,Dcj78BF:@7X2&gE1248
PRF_TST_1249,Dcj78BF:@7X2&gE1249
PRF_TST_1250,Dcj78BF:@7X2&gE1250
PRF_TST_1251,Dcj78BF:@7X2&gE1251
PRF_TST_1252,Dcj78BF:@7X2&gE1252
PRF_TST_1253,Dcj78BF:@7X2&gE1253
PRF_TST_1254,Dcj78BF:@7X2&gE1254
PRF_TST_1255,Dcj78BF:@7X2&gE1255
PRF_TST_1256,Dcj78BF:@7X2&gE1256
PRF_TST_1257,Dcj78BF:@7X2&gE1257
PRF_TST_1258,Dcj78BF:@7X2&gE1258
PRF_TST_1259,Dcj78BF:@7X2&gE1259
PRF_TST_1260,Dcj78BF:@7X2&gE1260
PRF_TST_1261,Dcj78BF:@7X2&gE1261
PRF_TST_1262,Dcj78BF:@7X2&gE1262
PRF_TST_1263,Dcj78BF:@7X2&gE1263
PRF_TST_1264,Dcj78BF:@7X2&gE1264
PRF_TST_1265,Dcj78BF:@7X2&gE1265
PRF_TST_1266,Dcj78BF:@7X2&gE1266
PRF_TST_1267,Dcj78BF:@7X2&gE1267
PRF_TST_1268,Dcj78BF:@7X2&gE1268
PRF_TST_1269,Dcj78BF:@7X2&gE1269
PRF_TST_1270,Dcj78BF:@7X2&gE1270
PRF_TST_1271,Dcj78BF:@7X2&gE1271
PRF_TST_1272,Dcj78BF:@7X2&gE1272
PRF_TST_1273,Dcj78BF:@7X2&gE1273
PRF_TST_1274,Dcj78BF:@7X2&gE1274
PRF_TST_1275,Dcj78BF:@7X2&gE1275
PRF_TST_1276,Dcj78BF:@7X2&gE1276
PRF_TST_1277,Dcj78BF:@7X2&gE1277
PRF_TST_1278,Dcj78BF:@7X2&gE1278
PRF_TST_1279,Dcj78BF:@7X2&gE1279
PRF_TST_1280,Dcj78BF:@7X2&gE1280
PRF_TST_1281,Dcj78BF:@7X2&gE1281
PRF_TST_1282,Dcj78BF:@7X2&gE1282
PRF_TST_1283,Dcj78BF:@7X2&gE1283
PRF_TST_1284,Dcj78BF:@7X2&gE1284
PRF_TST_1285,Dcj78BF:@7X2&gE1285
PRF_TST_1286,Dcj78BF:@7X2&gE1286
PRF_TST_1287,Dcj78BF:@7X2&gE1287
PRF_TST_1288,Dcj78BF:@7X2&gE1288
PRF_TST_1289,Dcj78BF:@7X2&gE1289
PRF_TST_1290,Dcj78BF:@7X2&gE1290
PRF_TST_1291,Dcj78BF:@7X2&gE1291
PRF_TST_1292,Dcj78BF:@7X2&gE1292
PRF_TST_1293,Dcj78BF:@7X2&gE1293
PRF_TST_1294,Dcj78BF:@7X2&gE1294
PRF_TST_1295,Dcj78BF:@7X2&gE1295
PRF_TST_1296,Dcj78BF:@7X2&gE1296
PRF_TST_1297,Dcj78BF:@7X2&gE1297
PRF_TST_1298,Dcj78BF:@7X2&gE1298
PRF_TST_1299,Dcj78BF:@7X2&gE1299
PRF_TST_1300,Dcj78BF:@7X2&gE1300
PRF_TST_1301,Dcj78BF:@7X2&gE1301
PRF_TST_1302,Dcj78BF:@7X2&gE1302
PRF_TST_1303,Dcj78BF:@7X2&gE1303
PRF_TST_1304,Dcj78BF:@7X2&gE1304
PRF_TST_1305,Dcj78BF:@7X2&gE1305
PRF_TST_1306,Dcj78BF:@7X2&gE1306
PRF_TST_1307,Dcj78BF:@7X2&gE1307
PRF_TST_1308,Dcj78BF:@7X2&gE1308
PRF_TST_1309,Dcj78BF:@7X2&gE1309
PRF_TST_1310,Dcj78BF:@7X2&gE1310
PRF_TST_1311,Dcj78BF:@7X2&gE1311
PRF_TST_1312,Dcj78BF:@7X2&gE1312
PRF_TST_1313,Dcj78BF:@7X2&gE1313
PRF_TST_1314,Dcj78BF:@7X2&gE1314
PRF_TST_1315,Dcj78BF:@7X2&gE1315
PRF_TST_1316,Dcj78BF:@7X2&gE1316
PRF_TST_1317,Dcj78BF:@7X2&gE1317
PRF_TST_1318,Dcj78BF:@7X2&gE1318
PRF_TST_1319,Dcj78BF:@7X2&gE1319
PRF_TST_1320,Dcj78BF:@7X2&gE1320
PRF_TST_1321,Dcj78BF:@7X2&gE1321
PRF_TST_1322,Dcj78BF:@7X2&gE1322
PRF_TST_1323,Dcj78BF:@7X2&gE1323
PRF_TST_1324,Dcj78BF:@7X2&gE1324
PRF_TST_1325,Dcj78BF:@7X2&gE1325
PRF_TST_1326,Dcj78BF:@7X2&gE1326
PRF_TST_1327,Dcj78BF:@7X2&gE1327
PRF_TST_1328,Dcj78BF:@7X2&gE1328
PRF_TST_1329,Dcj78BF:@7X2&gE1329
PRF_TST_1330,Dcj78BF:@7X2&gE1330
PRF_TST_1331,Dcj78BF:@7X2&gE1331
PRF_TST_1332,Dcj78BF:@7X2&gE1332
PRF_TST_1333,Dcj78BF:@7X2&gE1333
PRF_TST_1334,Dcj78BF:@7X2&gE1334
PRF_TST_1335,Dcj78BF:@7X2&gE1335
PRF_TST_1336,Dcj78BF:@7X2&gE1336
PRF_TST_1337,Dcj78BF:@7X2&gE1337
PRF_TST_1338,Dcj78BF:@7X2&gE1338
PRF_TST_1339,Dcj78BF:@7X2&gE1339
PRF_TST_1340,Dcj78BF:@7X2&gE1340
PRF_TST_1341,Dcj78BF:@7X2&gE1341
PRF_TST_1342,Dcj78BF:@7X2&gE1342
PRF_TST_1343,Dcj78BF:@7X2&gE1343
PRF_TST_1344,Dcj78BF:@7X2&gE1344
PRF_TST_1345,Dcj78BF:@7X2&gE1345
PRF_TST_1346,Dcj78BF:@7X2&gE1346
PRF_TST_1347,Dcj78BF:@7X2&gE1347
PRF_TST_1348,Dcj78BF:@7X2&gE1348
PRF_TST_1349,Dcj78BF:@7X2&gE1349
PRF_TST_1350,Dcj78BF:@7X2&gE1350
PRF_TST_1351,Dcj78BF:@7X2&gE1351
PRF_TST_1352,Dcj78BF:@7X2&gE1352
PRF_TST_1353,Dcj78BF:@7X2&gE1353
PRF_TST_1354,Dcj78BF:@7X2&gE1354
PRF_TST_1355,Dcj78BF:@7X2&gE1355
PRF_TST_1356,Dcj78BF:@7X2&gE1356
PRF_TST_1357,Dcj78BF:@7X2&gE1357
PRF_TST_1358,Dcj78BF:@7X2&gE1358
PRF_TST_1359,Dcj78BF:@7X2&gE1359
PRF_TST_1360,Dcj78BF:@7X2&gE1360
PRF_TST_1361,Dcj78BF:@7X2&gE1361
PRF_TST_1362,Dcj78BF:@7X2&gE1362
PRF_TST_1363,Dcj78BF:@7X2&gE1363
PRF_TST_1364,Dcj78BF:@7X2&gE1364
PRF_TST_1365,Dcj78BF:@7X2&gE1365
PRF_TST_1366,Dcj78BF:@7X2&gE1366
PRF_TST_1367,Dcj78BF:@7X2&gE1367
PRF_TST_1368,Dcj78BF:@7X2&gE1368
PRF_TST_1369,Dcj78BF:@7X2&gE1369
PRF_TST_1370,Dcj78BF:@7X2&gE1370
PRF_TST_1371,Dcj78BF:@7X2&gE1371
PRF_TST_1372,Dcj78BF:@7X2&gE1372
PRF_TST_1373,Dcj78BF:@7X2&gE1373
PRF_TST_1374,Dcj78BF:@7X2&gE1374
PRF_TST_1375,Dcj78BF:@7X2&gE1375
PRF_TST_1376,Dcj78BF:@7X2&gE1376
PRF_TST_1377,Dcj78BF:@7X2&gE1377
PRF_TST_1378,Dcj78BF:@7X2&gE1378
PRF_TST_1379,Dcj78BF:@7X2&gE1379
PRF_TST_1380,Dcj78BF:@7X2&gE1380
PRF_TST_1381,Dcj78BF:@7X2&gE1381
PRF_TST_1382,Dcj78BF:@7X2&gE1382
PRF_TST_1383,Dcj78BF:@7X2&gE1383
PRF_TST_1384,Dcj78BF:@7X2&gE1384
PRF_TST_1385,Dcj78BF:@7X2&gE1385
PRF_TST_1386,Dcj78BF:@7X2&gE1386
PRF_TST_1387,Dcj78BF:@7X2&gE1387
PRF_TST_1388,Dcj78BF:@7X2&gE1388
PRF_TST_1389,Dcj78BF:@7X2&gE1389
PRF_TST_1390,Dcj78BF:@7X2&gE1390
PRF_TST_1391,Dcj78BF:@7X2&gE1391
PRF_TST_1392,Dcj78BF:@7X2&gE1392
PRF_TST_1393,Dcj78BF:@7X2&gE1393
PRF_TST_1394,Dcj78BF:@7X2&gE1394
PRF_TST_1395,Dcj78BF:@7X2&gE1395
PRF_TST_1396,Dcj78BF:@7X2&gE1396
PRF_TST_1397,Dcj78BF:@7X2&gE1397
PRF_TST_1398,Dcj78BF:@7X2&gE1398
PRF_TST_1399,Dcj78BF:@7X2&gE1399
PRF_TST_1400,Dcj78BF:@7X2&gE1400
PRF_TST_1401,Dcj78BF:@7X2&gE1401
PRF_TST_1402,Dcj78BF:@7X2&gE1402
PRF_TST_1403,Dcj78BF:@7X2&gE1403
PRF_TST_1404,Dcj78BF:@7X2&gE1404
PRF_TST_1405,Dcj78BF:@7X2&gE1405
PRF_TST_1406,Dcj78BF:@7X2&gE1406
PRF_TST_1407,Dcj78BF:@7X2&gE1407
PRF_TST_1408,Dcj78BF:@7X2&gE1408
PRF_TST_1409,Dcj78BF:@7X2&gE1409
PRF_TST_1410,Dcj78BF:@7X2&gE1410
PRF_TST_1411,Dcj78BF:@7X2&gE1411
PRF_TST_1412,Dcj78BF:@7X2&gE1412
PRF_TST_1413,Dcj78BF:@7X2&gE1413
PRF_TST_1414,Dcj78BF:@7X2&gE1414
PRF_TST_1415,Dcj78BF:@7X2&gE1415
PRF_TST_1416,Dcj78BF:@7X2&gE1416
PRF_TST_1417,Dcj78BF:@7X2&gE1417
PRF_TST_1418,Dcj78BF:@7X2&gE1418
PRF_TST_1419,Dcj78BF:@7X2&gE1419
PRF_TST_1420,Dcj78BF:@7X2&gE1420
PRF_TST_1421,Dcj78BF:@7X2&gE1421
PRF_TST_1422,Dcj78BF:@7X2&gE1422
PRF_TST_1423,Dcj78BF:@7X2&gE1423
PRF_TST_1424,Dcj78BF:@7X2&gE1424
PRF_TST_1425,Dcj78BF:@7X2&gE1425
PRF_TST_1426,Dcj78BF:@7X2&gE1426
PRF_TST_1427,Dcj78BF:@7X2&gE1427
PRF_TST_1428,Dcj78BF:@7X2&gE1428
PRF_TST_1429,Dcj78BF:@7X2&gE1429
PRF_TST_1430,Dcj78BF:@7X2&gE1430
PRF_TST_1431,Dcj78BF:@7X2&gE1431
PRF_TST_1432,Dcj78BF:@7X2&gE1432
PRF_TST_1433,Dcj78BF:@7X2&gE1433
PRF_TST_1434,Dcj78BF:@7X2&gE1434
PRF_TST_1435,Dcj78BF:@7X2&gE1435
PRF_TST_1436,Dcj78BF:@7X2&gE1436
PRF_TST_1437,Dcj78BF:@7X2&gE1437
PRF_TST_1438,Dcj78BF:@7X2&gE1438
PRF_TST_1439,Dcj78BF:@7X2&gE1439
PRF_TST_1440,Dcj78BF:@7X2&gE1440
PRF_TST_1441,Dcj78BF:@7X2&gE1441
PRF_TST_1442,Dcj78BF:@7X2&gE1442
PRF_TST_1443,Dcj78BF:@7X2&gE1443
PRF_TST_1444,Dcj78BF:@7X2&gE1444
PRF_TST_1445,Dcj78BF:@7X2&gE1445
PRF_TST_1446,Dcj78BF:@7X2&gE1446
PRF_TST_1447,Dcj78BF:@7X2&gE1447
PRF_TST_1448,Dcj78BF:@7X2&gE1448
PRF_TST_1449,Dcj78BF:@7X2&gE1449
PRF_TST_1450,Dcj78BF:@7X2&gE1450
PRF_TST_1451,Dcj78BF:@7X2&gE1451
PRF_TST_1452,Dcj78BF:@7X2&gE1452
PRF_TST_1453,Dcj78BF:@7X2&gE1453
PRF_TST_1454,Dcj78BF:@7X2&gE1454
PRF_TST_1455,Dcj78BF:@7X2&gE1455
PRF_TST_1456,Dcj78BF:@7X2&gE1456
PRF_TST_1457,Dcj78BF:@7X2&gE1457
PRF_TST_1458,Dcj78BF:@7X2&gE1458
PRF_TST_1459,Dcj78BF:@7X2&gE1459
PRF_TST_1460,Dcj78BF:@7X2&gE1460
PRF_TST_1461,Dcj78BF:@7X2&gE1461
PRF_TST_1462,Dcj78BF:@7X2&gE1462
PRF_TST_1463,Dcj78BF:@7X2&gE1463
PRF_TST_1464,Dcj78BF:@7X2&gE1464
PRF_TST_1465,Dcj78BF:@7X2&gE1465
PRF_TST_1466,Dcj78BF:@7X2&gE1466
PRF_TST_1467,Dcj78BF:@7X2&gE1467
PRF_TST_1468,Dcj78BF:@7X2&gE1468
PRF_TST_1469,Dcj78BF:@7X2&gE1469
PRF_TST_1470,Dcj78BF:@7X2&gE1470
PRF_TST_1471,Dcj78BF:@7X2&gE1471
PRF_TST_1472,Dcj78BF:@7X2&gE1472
PRF_TST_1473,Dcj78BF:@7X2&gE1473
PRF_TST_1474,Dcj78BF:@7X2&gE1474
PRF_TST_1475,Dcj78BF:@7X2&gE1475
PRF_TST_1476,Dcj78BF:@7X2&gE1476
PRF_TST_1477,Dcj78BF:@7X2&gE1477
PRF_TST_1478,Dcj78BF:@7X2&gE1478
PRF_TST_1479,Dcj78BF:@7X2&gE1479
PRF_TST_1480,Dcj78BF:@7X2&gE1480
PRF_TST_1481,Dcj78BF:@7X2&gE1481
PRF_TST_1482,Dcj78BF:@7X2&gE1482
PRF_TST_1483,Dcj78BF:@7X2&gE1483
PRF_TST_1484,Dcj78BF:@7X2&gE1484
PRF_TST_1485,Dcj78BF:@7X2&gE1485
PRF_TST_1486,Dcj78BF:@7X2&gE1486
PRF_TST_1487,Dcj78BF:@7X2&gE1487
PRF_TST_1488,Dcj78BF:@7X2&gE1488
PRF_TST_1489,Dcj78BF:@7X2&gE1489
PRF_TST_1490,Dcj78BF:@7X2&gE1490
PRF_TST_1491,Dcj78BF:@7X2&gE1491
PRF_TST_1492,Dcj78BF:@7X2&gE1492
PRF_TST_1493,Dcj78BF:@7X2&gE1493
PRF_TST_1494,Dcj78BF:@7X2&gE1494
PRF_TST_1495,Dcj78BF:@7X2&gE1495
PRF_TST_1496,Dcj78BF:@7X2&gE1496
PRF_TST_1497,Dcj78BF:@7X2&gE1497
PRF_TST_1498,Dcj78BF:@7X2&gE1498
PRF_TST_1499,Dcj78BF:@7X2&gE1499
PRF_TST_1500,Dcj78BF:@7X2&gE1500
PRF_TST_1501,Dcj78BF:@7X2&gE1501
PRF_TST_1502,Dcj78BF:@7X2&gE1502
PRF_TST_1503,Dcj78BF:@7X2&gE1503
PRF_TST_1504,Dcj78BF:@7X2&gE1504
PRF_TST_1505,Dcj78BF:@7X2&gE1505
PRF_TST_1506,Dcj78BF:@7X2&gE1506
PRF_TST_1507,Dcj78BF:@7X2&gE1507
PRF_TST_1508,Dcj78BF:@7X2&gE1508
PRF_TST_1509,Dcj78BF:@7X2&gE1509
PRF_TST_1510,Dcj78BF:@7X2&gE1510
PRF_TST_1511,Dcj78BF:@7X2&gE1511
PRF_TST_1512,Dcj78BF:@7X2&gE1512
PRF_TST_1513,Dcj78BF:@7X2&gE1513
PRF_TST_1514,Dcj78BF:@7X2&gE1514
PRF_TST_1515,Dcj78BF:@7X2&gE1515
PRF_TST_1516,Dcj78BF:@7X2&gE1516
PRF_TST_1517,Dcj78BF:@7X2&gE1517
PRF_TST_1518,Dcj78BF:@7X2&gE1518
PRF_TST_1519,Dcj78BF:@7X2&gE1519
PRF_TST_1520,Dcj78BF:@7X2&gE1520
PRF_TST_1521,Dcj78BF:@7X2&gE1521
PRF_TST_1522,Dcj78BF:@7X2&gE1522
PRF_TST_1523,Dcj78BF:@7X2&gE1523
PRF_TST_1524,Dcj78BF:@7X2&gE1524
PRF_TST_1525,Dcj78BF:@7X2&gE1525
PRF_TST_1526,Dcj78BF:@7X2&gE1526
PRF_TST_1527,Dcj78BF:@7X2&gE1527
PRF_TST_1528,Dcj78BF:@7X2&gE1528
PRF_TST_1529,Dcj78BF:@7X2&gE1529
PRF_TST_1530,Dcj78BF:@7X2&gE1530
PRF_TST_1531,Dcj78BF:@7X2&gE1531
PRF_TST_1532,Dcj78BF:@7X2&gE1532
PRF_TST_1533,Dcj78BF:@7X2&gE1533
PRF_TST_1534,Dcj78BF:@7X2&gE1534
PRF_TST_1535,Dcj78BF:@7X2&gE1535
PRF_TST_1536,Dcj78BF:@7X2&gE1536
PRF_TST_1537,Dcj78BF:@7X2&gE1537
PRF_TST_1538,Dcj78BF:@7X2&gE1538
PRF_TST_1539,Dcj78BF:@7X2&gE1539
PRF_TST_1540,Dcj78BF:@7X2&gE1540
PRF_TST_1541,Dcj78BF:@7X2&gE1541
PRF_TST_1542,Dcj78BF:@7X2&gE1542
PRF_TST_1543,Dcj78BF:@7X2&gE1543
PRF_TST_1544,Dcj78BF:@7X2&gE1544
PRF_TST_1545,Dcj78BF:@7X2&gE1545
PRF_TST_1546,Dcj78BF:@7X2&gE1546
PRF_TST_1547,Dcj78BF:@7X2&gE1547
PRF_TST_1548,Dcj78BF:@7X2&gE1548
PRF_TST_1549,Dcj78BF:@7X2&gE1549
PRF_TST_1550,Dcj78BF:@7X2&gE1550
PRF_TST_1551,Dcj78BF:@7X2&gE1551
PRF_TST_1552,Dcj78BF:@7X2&gE1552
PRF_TST_1553,Dcj78BF:@7X2&gE1553
PRF_TST_1554,Dcj78BF:@7X2&gE1554
PRF_TST_1555,Dcj78BF:@7X2&gE1555
PRF_TST_1556,Dcj78BF:@7X2&gE1556
PRF_TST_1557,Dcj78BF:@7X2&gE1557
PRF_TST_1558,Dcj78BF:@7X2&gE1558
PRF_TST_1559,Dcj78BF:@7X2&gE1559
PRF_TST_1560,Dcj78BF:@7X2&gE1560
PRF_TST_1561,Dcj78BF:@7X2&gE1561
PRF_TST_1562,Dcj78BF:@7X2&gE1562
PRF_TST_1563,Dcj78BF:@7X2&gE1563
PRF_TST_1564,Dcj78BF:@7X2&gE1564
PRF_TST_1565,Dcj78BF:@7X2&gE1565
PRF_TST_1566,Dcj78BF:@7X2&gE1566
PRF_TST_1567,Dcj78BF:@7X2&gE1567
PRF_TST_1568,Dcj78BF:@7X2&gE1568
PRF_TST_1569,Dcj78BF:@7X2&gE1569
PRF_TST_1570,Dcj78BF:@7X2&gE1570
PRF_TST_1571,Dcj78BF:@7X2&gE1571
PRF_TST_1572,Dcj78BF:@7X2&gE1572
PRF_TST_1573,Dcj78BF:@7X2&gE1573
PRF_TST_1574,Dcj78BF:@7X2&gE1574
PRF_TST_1575,Dcj78BF:@7X2&gE1575
PRF_TST_1576,Dcj78BF:@7X2&gE1576
PRF_TST_1577,Dcj78BF:@7X2&gE1577
PRF_TST_1578,Dcj78BF:@7X2&gE1578
PRF_TST_1579,Dcj78BF:@7X2&gE1579
PRF_TST_1580,Dcj78BF:@7X2&gE1580
PRF_TST_1581,Dcj78BF:@7X2&gE1581
PRF_TST_1582,Dcj78BF:@7X2&gE1582
PRF_TST_1583,Dcj78BF:@7X2&gE1583
PRF_TST_1584,Dcj78BF:@7X2&gE1584
PRF_TST_1585,Dcj78BF:@7X2&gE1585
PRF_TST_1586,Dcj78BF:@7X2&gE1586
PRF_TST_1587,Dcj78BF:@7X2&gE1587
PRF_TST_1588,Dcj78BF:@7X2&gE1588
PRF_TST_1589,Dcj78BF:@7X2&gE1589
PRF_TST_1590,Dcj78BF:@7X2&gE1590
PRF_TST_1591,Dcj78BF:@7X2&gE1591
PRF_TST_1592,Dcj78BF:@7X2&gE1592
PRF_TST_1593,Dcj78BF:@7X2&gE1593
PRF_TST_1594,Dcj78BF:@7X2&gE1594
PRF_TST_1595,Dcj78BF:@7X2&gE1595
PRF_TST_1596,Dcj78BF:@7X2&gE1596
PRF_TST_1597,Dcj78BF:@7X2&gE1597
PRF_TST_1598,Dcj78BF:@7X2&gE1598
PRF_TST_1599,Dcj78BF:@7X2&gE1599
PRF_TST_1600,Dcj78BF:@7X2&gE1600
PRF_TST_1601,Dcj78BF:@7X2&gE1601
PRF_TST_1602,Dcj78BF:@7X2&gE1602
PRF_TST_1603,Dcj78BF:@7X2&gE1603
PRF_TST_1604,Dcj78BF:@7X2&gE1604
PRF_TST_1605,Dcj78BF:@7X2&gE1605
PRF_TST_1606,Dcj78BF:@7X2&gE1606
PRF_TST_1607,Dcj78BF:@7X2&gE1607
PRF_TST_1608,Dcj78BF:@7X2&gE1608
PRF_TST_1609,Dcj78BF:@7X2&gE1609
PRF_TST_1610,Dcj78BF:@7X2&gE1610
PRF_TST_1611,Dcj78BF:@7X2&gE1611
PRF_TST_1612,Dcj78BF:@7X2&gE1612
PRF_TST_1613,Dcj78BF:@7X2&gE1613
PRF_TST_1614,Dcj78BF:@7X2&gE1614
PRF_TST_1615,Dcj78BF:@7X2&gE1615
PRF_TST_1616,Dcj78BF:@7X2&gE1616
PRF_TST_1617,Dcj78BF:@7X2&gE1617
PRF_TST_1618,Dcj78BF:@7X2&gE1618
PRF_TST_1619,Dcj78BF:@7X2&gE1619
PRF_TST_1620,Dcj78BF:@7X2&gE1620
PRF_TST_1621,Dcj78BF:@7X2&gE1621
PRF_TST_1622,Dcj78BF:@7X2&gE1622
PRF_TST_1623,Dcj78BF:@7X2&gE1623
PRF_TST_1624,Dcj78BF:@7X2&gE1624
PRF_TST_1625,Dcj78BF:@7X2&gE1625
PRF_TST_1626,Dcj78BF:@7X2&gE1626
PRF_TST_1627,Dcj78BF:@7X2&gE1627
PRF_TST_1628,Dcj78BF:@7X2&gE1628
PRF_TST_1629,Dcj78BF:@7X2&gE1629
PRF_TST_1630,Dcj78BF:@7X2&gE1630
PRF_TST_1631,Dcj78BF:@7X2&gE1631
PRF_TST_1632,Dcj78BF:@7X2&gE1632
PRF_TST_1633,Dcj78BF:@7X2&gE1633
PRF_TST_1634,Dcj78BF:@7X2&gE1634
PRF_TST_1635,Dcj78BF:@7X2&gE1635
PRF_TST_1636,Dcj78BF:@7X2&gE1636
PRF_TST_1637,Dcj78BF:@7X2&gE1637
PRF_TST_1638,Dcj78BF:@7X2&gE1638
PRF_TST_1639,Dcj78BF:@7X2&gE1639
PRF_TST_1640,Dcj78BF:@7X2&gE1640
PRF_TST_1641,Dcj78BF:@7X2&gE1641
PRF_TST_1642,Dcj78BF:@7X2&gE1642
PRF_TST_1643,Dcj78BF:@7X2&gE1643
PRF_TST_1644,Dcj78BF:@7X2&gE1644
PRF_TST_1645,Dcj78BF:@7X2&gE1645
PRF_TST_1646,Dcj78BF:@7X2&gE1646
PRF_TST_1647,Dcj78BF:@7X2&gE1647
PRF_TST_1648,Dcj78BF:@7X2&gE1648
PRF_TST_1649,Dcj78BF:@7X2&gE1649
PRF_TST_1650,Dcj78BF:@7X2&gE1650
PRF_TST_1651,Dcj78BF:@7X2&gE1651
PRF_TST_1652,Dcj78BF:@7X2&gE1652
PRF_TST_1653,Dcj78BF:@7X2&gE1653
PRF_TST_1654,Dcj78BF:@7X2&gE1654
PRF_TST_1655,Dcj78BF:@7X2&gE1655
PRF_TST_1656,Dcj78BF:@7X2&gE1656
PRF_TST_1657,Dcj78BF:@7X2&gE1657
PRF_TST_1658,Dcj78BF:@7X2&gE1658
PRF_TST_1659,Dcj78BF:@7X2&gE1659
PRF_TST_1660,Dcj78BF:@7X2&gE1660
PRF_TST_1661,Dcj78BF:@7X2&gE1661
PRF_TST_1662,Dcj78BF:@7X2&gE1662
PRF_TST_1663,Dcj78BF:@7X2&gE1663
PRF_TST_1664,Dcj78BF:@7X2&gE1664
PRF_TST_1665,Dcj78BF:@7X2&gE1665
PRF_TST_1666,Dcj78BF:@7X2&gE1666
PRF_TST_1667,Dcj78BF:@7X2&gE1667
PRF_TST_1668,Dcj78BF:@7X2&gE1668
PRF_TST_1669,Dcj78BF:@7X2&gE1669
PRF_TST_1670,Dcj78BF:@7X2&gE1670
PRF_TST_1671,Dcj78BF:@7X2&gE1671
PRF_TST_1672,Dcj78BF:@7X2&gE1672
PRF_TST_1673,Dcj78BF:@7X2&gE1673
PRF_TST_1674,Dcj78BF:@7X2&gE1674
PRF_TST_1675,Dcj78BF:@7X2&gE1675
PRF_TST_1676,Dcj78BF:@7X2&gE1676
PRF_TST_1677,Dcj78BF:@7X2&gE1677
PRF_TST_1678,Dcj78BF:@7X2&gE1678
PRF_TST_1679,Dcj78BF:@7X2&gE1679
PRF_TST_1680,Dcj78BF:@7X2&gE1680
PRF_TST_1681,Dcj78BF:@7X2&gE1681
PRF_TST_1682,Dcj78BF:@7X2&gE1682
PRF_TST_1683,Dcj78BF:@7X2&gE1683
PRF_TST_1684,Dcj78BF:@7X2&gE1684
PRF_TST_1685,Dcj78BF:@7X2&gE1685
PRF_TST_1686,Dcj78BF:@7X2&gE1686
PRF_TST_1687,Dcj78BF:@7X2&gE1687
PRF_TST_1688,Dcj78BF:@7X2&gE1688
PRF_TST_1689,Dcj78BF:@7X2&gE1689
PRF_TST_1690,Dcj78BF:@7X2&gE1690
PRF_TST_1691,Dcj78BF:@7X2&gE1691
PRF_TST_1692,Dcj78BF:@7X2&gE1692
PRF_TST_1693,Dcj78BF:@7X2&gE1693
PRF_TST_1694,Dcj78BF:@7X2&gE1694
PRF_TST_1695,Dcj78BF:@7X2&gE1695
PRF_TST_1696,Dcj78BF:@7X2&gE1696
PRF_TST_1697,Dcj78BF:@7X2&gE1697
PRF_TST_1698,Dcj78BF:@7X2&gE1698
PRF_TST_1699,Dcj78BF:@7X2&gE1699
PRF_TST_1700,Dcj78BF:@7X2&gE1700
PRF_TST_1701,Dcj78BF:@7X2&gE1701
PRF_TST_1702,Dcj78BF:@7X2&gE1702
PRF_TST_1703,Dcj78BF:@7X2&gE1703
PRF_TST_1704,Dcj78BF:@7X2&gE1704
PRF_TST_1705,Dcj78BF:@7X2&gE1705
PRF_TST_1706,Dcj78BF:@7X2&gE1706
PRF_TST_1707,Dcj78BF:@7X2&gE1707
PRF_TST_1708,Dcj78BF:@7X2&gE1708
PRF_TST_1709,Dcj78BF:@7X2&gE1709
PRF_TST_1710,Dcj78BF:@7X2&gE1710
PRF_TST_1711,Dcj78BF:@7X2&gE1711
PRF_TST_1712,Dcj78BF:@7X2&gE1712
PRF_TST_1713,Dcj78BF:@7X2&gE1713
PRF_TST_1714,Dcj78BF:@7X2&gE1714
PRF_TST_1715,Dcj78BF:@7X2&gE1715
PRF_TST_1716,Dcj78BF:@7X2&gE1716
PRF_TST_1717,Dcj78BF:@7X2&gE1717
PRF_TST_1718,Dcj78BF:@7X2&gE1718
PRF_TST_1719,Dcj78BF:@7X2&gE1719
PRF_TST_1720,Dcj78BF:@7X2&gE1720
PRF_TST_1721,Dcj78BF:@7X2&gE1721
PRF_TST_1722,Dcj78BF:@7X2&gE1722
PRF_TST_1723,Dcj78BF:@7X2&gE1723
PRF_TST_1724,Dcj78BF:@7X2&gE1724
PRF_TST_1725,Dcj78BF:@7X2&gE1725
PRF_TST_1726,Dcj78BF:@7X2&gE1726
PRF_TST_1727,Dcj78BF:@7X2&gE1727
PRF_TST_1728,Dcj78BF:@7X2&gE1728
PRF_TST_1729,Dcj78BF:@7X2&gE1729
PRF_TST_1730,Dcj78BF:@7X2&gE1730
PRF_TST_1731,Dcj78BF:@7X2&gE1731
PRF_TST_1732,Dcj78BF:@7X2&gE1732
PRF_TST_1733,Dcj78BF:@7X2&gE1733
PRF_TST_1734,Dcj78BF:@7X2&gE1734
PRF_TST_1735,Dcj78BF:@7X2&gE1735
PRF_TST_1736,Dcj78BF:@7X2&gE1736
PRF_TST_1737,Dcj78BF:@7X2&gE1737
PRF_TST_1738,Dcj78BF:@7X2&gE1738
PRF_TST_1739,Dcj78BF:@7X2&gE1739
PRF_TST_1740,Dcj78BF:@7X2&gE1740
PRF_TST_1741,Dcj78BF:@7X2&gE1741
PRF_TST_1742,Dcj78BF:@7X2&gE1742
PRF_TST_1743,Dcj78BF:@7X2&gE1743
PRF_TST_1744,Dcj78BF:@7X2&gE1744
PRF_TST_1745,Dcj78BF:@7X2&gE1745
PRF_TST_1746,Dcj78BF:@7X2&gE1746
PRF_TST_1747,Dcj78BF:@7X2&gE1747
PRF_TST_1748,Dcj78BF:@7X2&gE1748
PRF_TST_1749,Dcj78BF:@7X2&gE1749
PRF_TST_1750,Dcj78BF:@7X2&gE1750
PRF_TST_1751,Dcj78BF:@7X2&gE1751
PRF_TST_1752,Dcj78BF:@7X2&gE1752
PRF_TST_1753,Dcj78BF:@7X2&gE1753
PRF_TST_1754,Dcj78BF:@7X2&gE1754
PRF_TST_1755,Dcj78BF:@7X2&gE1755
PRF_TST_1756,Dcj78BF:@7X2&gE1756
PRF_TST_1757,Dcj78BF:@7X2&gE1757
PRF_TST_1758,Dcj78BF:@7X2&gE1758
PRF_TST_1759,Dcj78BF:@7X2&gE1759
PRF_TST_1760,Dcj78BF:@7X2&gE1760
PRF_TST_1761,Dcj78BF:@7X2&gE1761
PRF_TST_1762,Dcj78BF:@7X2&gE1762
PRF_TST_1763,Dcj78BF:@7X2&gE1763
PRF_TST_1764,Dcj78BF:@7X2&gE1764
PRF_TST_1765,Dcj78BF:@7X2&gE1765
PRF_TST_1766,Dcj78BF:@7X2&gE1766
PRF_TST_1767,Dcj78BF:@7X2&gE1767
PRF_TST_1768,Dcj78BF:@7X2&gE1768
PRF_TST_1769,Dcj78BF:@7X2&gE1769
PRF_TST_1770,Dcj78BF:@7X2&gE1770
PRF_TST_1771,Dcj78BF:@7X2&gE1771
PRF_TST_1772,Dcj78BF:@7X2&gE1772
PRF_TST_1773,Dcj78BF:@7X2&gE1773
PRF_TST_1774,Dcj78BF:@7X2&gE1774
PRF_TST_1775,Dcj78BF:@7X2&gE1775
PRF_TST_1776,Dcj78BF:@7X2&gE1776
PRF_TST_1777,Dcj78BF:@7X2&gE1777
PRF_TST_1778,Dcj78BF:@7X2&gE1778
PRF_TST_1779,Dcj78BF:@7X2&gE1779
PRF_TST_1780,Dcj78BF:@7X2&gE1780
PRF_TST_1781,Dcj78BF:@7X2&gE1781
PRF_TST_1782,Dcj78BF:@7X2&gE1782
PRF_TST_1783,Dcj78BF:@7X2&gE1783
PRF_TST_1784,Dcj78BF:@7X2&gE1784
PRF_TST_1785,Dcj78BF:@7X2&gE1785
PRF_TST_1786,Dcj78BF:@7X2&gE1786
PRF_TST_1787,Dcj78BF:@7X2&gE1787
PRF_TST_1788,Dcj78BF:@7X2&gE1788
PRF_TST_1789,Dcj78BF:@7X2&gE1789
PRF_TST_1790,Dcj78BF:@7X2&gE1790
PRF_TST_1791,Dcj78BF:@7X2&gE1791
PRF_TST_1792,Dcj78BF:@7X2&gE1792
PRF_TST_1793,Dcj78BF:@7X2&gE1793
PRF_TST_1794,Dcj78BF:@7X2&gE1794
PRF_TST_1795,Dcj78BF:@7X2&gE1795
PRF_TST_1796,Dcj78BF:@7X2&gE1796
PRF_TST_1797,Dcj78BF:@7X2&gE1797
PRF_TST_1798,Dcj78BF:@7X2&gE1798
PRF_TST_1799,Dcj78BF:@7X2&gE1799
PRF_TST_1800,Dcj78BF:@7X2&gE1800
PRF_TST_1801,Dcj78BF:@7X2&gE1801
PRF_TST_1802,Dcj78BF:@7X2&gE1802
PRF_TST_1803,Dcj78BF:@7X2&gE1803
PRF_TST_1804,Dcj78BF:@7X2&gE1804
PRF_TST_1805,Dcj78BF:@7X2&gE1805
PRF_TST_1806,Dcj78BF:@7X2&gE1806
PRF_TST_1807,Dcj78BF:@7X2&gE1807
PRF_TST_1808,Dcj78BF:@7X2&gE1808
PRF_TST_1809,Dcj78BF:@7X2&gE1809
PRF_TST_1810,Dcj78BF:@7X2&gE1810
PRF_TST_1811,Dcj78BF:@7X2&gE1811
PRF_TST_1812,Dcj78BF:@7X2&gE1812
PRF_TST_1813,Dcj78BF:@7X2&gE1813
PRF_TST_1814,Dcj78BF:@7X2&gE1814
PRF_TST_1815,Dcj78BF:@7X2&gE1815
PRF_TST_1816,Dcj78BF:@7X2&gE1816
PRF_TST_1817,Dcj78BF:@7X2&gE1817
PRF_TST_1818,Dcj78BF:@7X2&gE1818
PRF_TST_1819,Dcj78BF:@7X2&gE1819
PRF_TST_1820,Dcj78BF:@7X2&gE1820
PRF_TST_1821,Dcj78BF:@7X2&gE1821
PRF_TST_1822,Dcj78BF:@7X2&gE1822
PRF_TST_1823,Dcj78BF:@7X2&gE1823
PRF_TST_1824,Dcj78BF:@7X2&gE1824
PRF_TST_1825,Dcj78BF:@7X2&gE1825
PRF_TST_1826,Dcj78BF:@7X2&gE1826
PRF_TST_1827,Dcj78BF:@7X2&gE1827
PRF_TST_1828,Dcj78BF:@7X2&gE1828
PRF_TST_1829,Dcj78BF:@7X2&gE1829
PRF_TST_1830,Dcj78BF:@7X2&gE1830
PRF_TST_1831,Dcj78BF:@7X2&gE1831
PRF_TST_1832,Dcj78BF:@7X2&gE1832
PRF_TST_1833,Dcj78BF:@7X2&gE1833
PRF_TST_1834,Dcj78BF:@7X2&gE1834
PRF_TST_1835,Dcj78BF:@7X2&gE1835
PRF_TST_1836,Dcj78BF:@7X2&gE1836
PRF_TST_1837,Dcj78BF:@7X2&gE1837
PRF_TST_1838,Dcj78BF:@7X2&gE1838
PRF_TST_1839,Dcj78BF:@7X2&gE1839
PRF_TST_1840,Dcj78BF:@7X2&gE1840
PRF_TST_1841,Dcj78BF:@7X2&gE1841
PRF_TST_1842,Dcj78BF:@7X2&gE1842
PRF_TST_1843,Dcj78BF:@7X2&gE1843
PRF_TST_1844,Dcj78BF:@7X2&gE1844
PRF_TST_1845,Dcj78BF:@7X2&gE1845
PRF_TST_1846,Dcj78BF:@7X2&gE1846
PRF_TST_1847,Dcj78BF:@7X2&gE1847
PRF_TST_1848,Dcj78BF:@7X2&gE1848
PRF_TST_1849,Dcj78BF:@7X2&gE1849
PRF_TST_1850,Dcj78BF:@7X2&gE1850
PRF_TST_1851,Dcj78BF:@7X2&gE1851
PRF_TST_1852,Dcj78BF:@7X2&gE1852
PRF_TST_1853,Dcj78BF:@7X2&gE1853
PRF_TST_1854,Dcj78BF:@7X2&gE1854
PRF_TST_1855,Dcj78BF:@7X2&gE1855
PRF_TST_1856,Dcj78BF:@7X2&gE1856
PRF_TST_1857,Dcj78BF:@7X2&gE1857
PRF_TST_1858,Dcj78BF:@7X2&gE1858
PRF_TST_1859,Dcj78BF:@7X2&gE1859
PRF_TST_1860,Dcj78BF:@7X2&gE1860
PRF_TST_1861,Dcj78BF:@7X2&gE1861
PRF_TST_1862,Dcj78BF:@7X2&gE1862
PRF_TST_1863,Dcj78BF:@7X2&gE1863
PRF_TST_1864,Dcj78BF:@7X2&gE1864
PRF_TST_1865,Dcj78BF:@7X2&gE1865
PRF_TST_1866,Dcj78BF:@7X2&gE1866
PRF_TST_1867,Dcj78BF:@7X2&gE1867
PRF_TST_1868,Dcj78BF:@7X2&gE1868
PRF_TST_1869,Dcj78BF:@7X2&gE1869
PRF_TST_1870,Dcj78BF:@7X2&gE1870
PRF_TST_1871,Dcj78BF:@7X2&gE1871
PRF_TST_1872,Dcj78BF:@7X2&gE1872
PRF_TST_1873,Dcj78BF:@7X2&gE1873
PRF_TST_1874,Dcj78BF:@7X2&gE1874
PRF_TST_1875,Dcj78BF:@7X2&gE1875
PRF_TST_1876,Dcj78BF:@7X2&gE1876
PRF_TST_1877,Dcj78BF:@7X2&gE1877
PRF_TST_1878,Dcj78BF:@7X2&gE1878
PRF_TST_1879,Dcj78BF:@7X2&gE1879
PRF_TST_1880,Dcj78BF:@7X2&gE1880
PRF_TST_1881,Dcj78BF:@7X2&gE1881
PRF_TST_1882,Dcj78BF:@7X2&gE1882
PRF_TST_1883,Dcj78BF:@7X2&gE1883
PRF_TST_1884,Dcj78BF:@7X2&gE1884
PRF_TST_1885,Dcj78BF:@7X2&gE1885
PRF_TST_1886,Dcj78BF:@7X2&gE1886
PRF_TST_1887,Dcj78BF:@7X2&gE1887
PRF_TST_1888,Dcj78BF:@7X2&gE1888
PRF_TST_1889,Dcj78BF:@7X2&gE1889
PRF_TST_1890,Dcj78BF:@7X2&gE1890
PRF_TST_1891,Dcj78BF:@7X2&gE1891
PRF_TST_1892,Dcj78BF:@7X2&gE1892
PRF_TST_1893,Dcj78BF:@7X2&gE1893
PRF_TST_1894,Dcj78BF:@7X2&gE1894
PRF_TST_1895,Dcj78BF:@7X2&gE1895
PRF_TST_1896,Dcj78BF:@7X2&gE1896
PRF_TST_1897,Dcj78BF:@7X2&gE1897
PRF_TST_1898,Dcj78BF:@7X2&gE1898
PRF_TST_1899,Dcj78BF:@7X2&gE1899
PRF_TST_1900,Dcj78BF:@7X2&gE1900
PRF_TST_1901,Dcj78BF:@7X2&gE1901
PRF_TST_1902,Dcj78BF:@7X2&gE1902
PRF_TST_1903,Dcj78BF:@7X2&gE1903
PRF_TST_1904,Dcj78BF:@7X2&gE1904
PRF_TST_1905,Dcj78BF:@7X2&gE1905
PRF_TST_1906,Dcj78BF:@7X2&gE1906
PRF_TST_1907,Dcj78BF:@7X2&gE1907
PRF_TST_1908,Dcj78BF:@7X2&gE1908
PRF_TST_1909,Dcj78BF:@7X2&gE1909
PRF_TST_1910,Dcj78BF:@7X2&gE1910
PRF_TST_1911,Dcj78BF:@7X2&gE1911
PRF_TST_1912,Dcj78BF:@7X2&gE1912
PRF_TST_1913,Dcj78BF:@7X2&gE1913
PRF_TST_1914,Dcj78BF:@7X2&gE1914
PRF_TST_1915,Dcj78BF:@7X2&gE1915
PRF_TST_1916,Dcj78BF:@7X2&gE1916
PRF_TST_1917,Dcj78BF:@7X2&gE1917
PRF_TST_1918,Dcj78BF:@7X2&gE1918
PRF_TST_1919,Dcj78BF:@7X2&gE1919
PRF_TST_1920,Dcj78BF:@7X2&gE1920
PRF_TST_1921,Dcj78BF:@7X2&gE1921
PRF_TST_1922,Dcj78BF:@7X2&gE1922
PRF_TST_1923,Dcj78BF:@7X2&gE1923
PRF_TST_1924,Dcj78BF:@7X2&gE1924
PRF_TST_1925,Dcj78BF:@7X2&gE1925
PRF_TST_1926,Dcj78BF:@7X2&gE1926
PRF_TST_1927,Dcj78BF:@7X2&gE1927
PRF_TST_1928,Dcj78BF:@7X2&gE1928
PRF_TST_1929,Dcj78BF:@7X2&gE1929
PRF_TST_1930,Dcj78BF:@7X2&gE1930
PRF_TST_1931,Dcj78BF:@7X2&gE1931
PRF_TST_1932,Dcj78BF:@7X2&gE1932
PRF_TST_1933,Dcj78BF:@7X2&gE1933
PRF_TST_1934,Dcj78BF:@7X2&gE1934
PRF_TST_1935,Dcj78BF:@7X2&gE1935
PRF_TST_1936,Dcj78BF:@7X2&gE1936
PRF_TST_1937,Dcj78BF:@7X2&gE1937
PRF_TST_1938,Dcj78BF:@7X2&gE1938
PRF_TST_1939,Dcj78BF:@7X2&gE1939
PRF_TST_1940,Dcj78BF:@7X2&gE1940
PRF_TST_1941,Dcj78BF:@7X2&gE1941
PRF_TST_1942,Dcj78BF:@7X2&gE1942
PRF_TST_1943,Dcj78BF:@7X2&gE1943
PRF_TST_1944,Dcj78BF:@7X2&gE1944
PRF_TST_1945,Dcj78BF:@7X2&gE1945
PRF_TST_1946,Dcj78BF:@7X2&gE1946
PRF_TST_1947,Dcj78BF:@7X2&gE1947
PRF_TST_1948,Dcj78BF:@7X2&gE1948
PRF_TST_1949,Dcj78BF:@7X2&gE1949
PRF_TST_1950,Dcj78BF:@7X2&gE1950
PRF_TST_1951,Dcj78BF:@7X2&gE1951
PRF_TST_1952,Dcj78BF:@7X2&gE1952
PRF_TST_1953,Dcj78BF:@7X2&gE1953
PRF_TST_1954,Dcj78BF:@7X2&gE1954
PRF_TST_1955,Dcj78BF:@7X2&gE1955
PRF_TST_1956,Dcj78BF:@7X2&gE1956
PRF_TST_1957,Dcj78BF:@7X2&gE1957
PRF_TST_1958,Dcj78BF:@7X2&gE1958
PRF_TST_1959,Dcj78BF:@7X2&gE1959
PRF_TST_1960,Dcj78BF:@7X2&gE1960
PRF_TST_1961,Dcj78BF:@7X2&gE1961
PRF_TST_1962,Dcj78BF:@7X2&gE1962
PRF_TST_1963,Dcj78BF:@7X2&gE1963
PRF_TST_1964,Dcj78BF:@7X2&gE1964
PRF_TST_1965,Dcj78BF:@7X2&gE1965
PRF_TST_1966,Dcj78BF:@7X2&gE1966
PRF_TST_1967,Dcj78BF:@7X2&gE1967
PRF_TST_1968,Dcj78BF:@7X2&gE1968
PRF_TST_1969,Dcj78BF:@7X2&gE1969
PRF_TST_1970,Dcj78BF:@7X2&gE1970
PRF_TST_1971,Dcj78BF:@7X2&gE1971
PRF_TST_1972,Dcj78BF:@7X2&gE1972
PRF_TST_1973,Dcj78BF:@7X2&gE1973
PRF_TST_1974,Dcj78BF:@7X2&gE1974
PRF_TST_1975,Dcj78BF:@7X2&gE1975
PRF_TST_1976,Dcj78BF:@7X2&gE1976
PRF_TST_1977,Dcj78BF:@7X2&gE1977
PRF_TST_1978,Dcj78BF:@7X2&gE1978
PRF_TST_1979,Dcj78BF:@7X2&gE1979
PRF_TST_1980,Dcj78BF:@7X2&gE1980
PRF_TST_1981,Dcj78BF:@7X2&gE1981
PRF_TST_1982,Dcj78BF:@7X2&gE1982
PRF_TST_1983,Dcj78BF:@7X2&gE1983
PRF_TST_1984,Dcj78BF:@7X2&gE1984
PRF_TST_1985,Dcj78BF:@7X2&gE1985
PRF_TST_1986,Dcj78BF:@7X2&gE1986
PRF_TST_1987,Dcj78BF:@7X2&gE1987
PRF_TST_1988,Dcj78BF:@7X2&gE1988
PRF_TST_1989,Dcj78BF:@7X2&gE1989
PRF_TST_1990,Dcj78BF:@7X2&gE1990
PRF_TST_1991,Dcj78BF:@7X2&gE1991
PRF_TST_1992,Dcj78BF:@7X2&gE1992
PRF_TST_1993,Dcj78BF:@7X2&gE1993
PRF_TST_1994,Dcj78BF:@7X2&gE1994
PRF_TST_1995,Dcj78BF:@7X2&gE1995
PRF_TST_1996,Dcj78BF:@7X2&gE1996
PRF_TST_1997,Dcj78BF:@7X2&gE1997
PRF_TST_1998,Dcj78BF:@7X2&gE1998
PRF_TST_1999,Dcj78BF:@7X2&gE1999
PRF_TST_2000,Dcj78BF:@7X2&gE2000
PRF_TST_2001,Dcj78BF:@7X2&gE2001
PRF_TST_2002,Dcj78BF:@7X2&gE2002
PRF_TST_2003,Dcj78BF:@7X2&gE2003
PRF_TST_2004,Dcj78BF:@7X2&gE2004
PRF_TST_2005,Dcj78BF:@7X2&gE2005
PRF_TST_2006,Dcj78BF:@7X2&gE2006
PRF_TST_2007,Dcj78BF:@7X2&gE2007
PRF_TST_2008,Dcj78BF:@7X2&gE2008
PRF_TST_2009,Dcj78BF:@7X2&gE2009
PRF_TST_2010,Dcj78BF:@7X2&gE2010
PRF_TST_2011,Dcj78BF:@7X2&gE2011
PRF_TST_2012,Dcj78BF:@7X2&gE2012
PRF_TST_2013,Dcj78BF:@7X2&gE2013
PRF_TST_2014,Dcj78BF:@7X2&gE2014
PRF_TST_2015,Dcj78BF:@7X2&gE2015
PRF_TST_2016,Dcj78BF:@7X2&gE2016
PRF_TST_2017,Dcj78BF:@7X2&gE2017
PRF_TST_2018,Dcj78BF:@7X2&gE2018
PRF_TST_2019,Dcj78BF:@7X2&gE2019
PRF_TST_2020,Dcj78BF:@7X2&gE2020
PRF_TST_2021,Dcj78BF:@7X2&gE2021
PRF_TST_2022,Dcj78BF:@7X2&gE2022
PRF_TST_2023,Dcj78BF:@7X2&gE2023
PRF_TST_2024,Dcj78BF:@7X2&gE2024
PRF_TST_2025,Dcj78BF:@7X2&gE2025
PRF_TST_2026,Dcj78BF:@7X2&gE2026
PRF_TST_2027,Dcj78BF:@7X2&gE2027
PRF_TST_2028,Dcj78BF:@7X2&gE2028
PRF_TST_2029,Dcj78BF:@7X2&gE2029
PRF_TST_2030,Dcj78BF:@7X2&gE2030
PRF_TST_2031,Dcj78BF:@7X2&gE2031
PRF_TST_2032,Dcj78BF:@7X2&gE2032
PRF_TST_2033,Dcj78BF:@7X2&gE2033
PRF_TST_2034,Dcj78BF:@7X2&gE2034
PRF_TST_2035,Dcj78BF:@7X2&gE2035
PRF_TST_2036,Dcj78BF:@7X2&gE2036
PRF_TST_2037,Dcj78BF:@7X2&gE2037
PRF_TST_2038,Dcj78BF:@7X2&gE2038
PRF_TST_2039,Dcj78BF:@7X2&gE2039
PRF_TST_2040,Dcj78BF:@7X2&gE2040
PRF_TST_2041,Dcj78BF:@7X2&gE2041
PRF_TST_2042,Dcj78BF:@7X2&gE2042
PRF_TST_2043,Dcj78BF:@7X2&gE2043
PRF_TST_2044,Dcj78BF:@7X2&gE2044
PRF_TST_2045,Dcj78BF:@7X2&gE2045
PRF_TST_2046,Dcj78BF:@7X2&gE2046
PRF_TST_2047,Dcj78BF:@7X2&gE2047
PRF_TST_2048,Dcj78BF:@7X2&gE2048
PRF_TST_2049,Dcj78BF:@7X2&gE2049
PRF_TST_2050,Dcj78BF:@7X2&gE2050
PRF_TST_2051,Dcj78BF:@7X2&gE2051
PRF_TST_2052,Dcj78BF:@7X2&gE2052
PRF_TST_2053,Dcj78BF:@7X2&gE2053
PRF_TST_2054,Dcj78BF:@7X2&gE2054
PRF_TST_2055,Dcj78BF:@7X2&gE2055
PRF_TST_2056,Dcj78BF:@7X2&gE2056
PRF_TST_2057,Dcj78BF:@7X2&gE2057
PRF_TST_2058,Dcj78BF:@7X2&gE2058
PRF_TST_2059,Dcj78BF:@7X2&gE2059
PRF_TST_2060,Dcj78BF:@7X2&gE2060
PRF_TST_2061,Dcj78BF:@7X2&gE2061
PRF_TST_2062,Dcj78BF:@7X2&gE2062
PRF_TST_2063,Dcj78BF:@7X2&gE2063
PRF_TST_2064,Dcj78BF:@7X2&gE2064
PRF_TST_2065,Dcj78BF:@7X2&gE2065
PRF_TST_2066,Dcj78BF:@7X2&gE2066
PRF_TST_2067,Dcj78BF:@7X2&gE2067
PRF_TST_2068,Dcj78BF:@7X2&gE2068
PRF_TST_2069,Dcj78BF:@7X2&gE2069
PRF_TST_2070,Dcj78BF:@7X2&gE2070
PRF_TST_2071,Dcj78BF:@7X2&gE2071
PRF_TST_2072,Dcj78BF:@7X2&gE2072
PRF_TST_2073,Dcj78BF:@7X2&gE2073
PRF_TST_2074,Dcj78BF:@7X2&gE2074
PRF_TST_2075,Dcj78BF:@7X2&gE2075
PRF_TST_2076,Dcj78BF:@7X2&gE2076
PRF_TST_2077,Dcj78BF:@7X2&gE2077
PRF_TST_2078,Dcj78BF:@7X2&gE2078
PRF_TST_2079,Dcj78BF:@7X2&gE2079
PRF_TST_2080,Dcj78BF:@7X2&gE2080
PRF_TST_2081,Dcj78BF:@7X2&gE2081
PRF_TST_2082,Dcj78BF:@7X2&gE2082
PRF_TST_2083,Dcj78BF:@7X2&gE2083
PRF_TST_2084,Dcj78BF:@7X2&gE2084
PRF_TST_2085,Dcj78BF:@7X2&gE2085
PRF_TST_2086,Dcj78BF:@7X2&gE2086
PRF_TST_2087,Dcj78BF:@7X2&gE2087
PRF_TST_2088,Dcj78BF:@7X2&gE2088
PRF_TST_2089,Dcj78BF:@7X2&gE2089
PRF_TST_2090,Dcj78BF:@7X2&gE2090
PRF_TST_2091,Dcj78BF:@7X2&gE2091
PRF_TST_2092,Dcj78BF:@7X2&gE2092
PRF_TST_2093,Dcj78BF:@7X2&gE2093
PRF_TST_2094,Dcj78BF:@7X2&gE2094
PRF_TST_2095,Dcj78BF:@7X2&gE2095
PRF_TST_2096,Dcj78BF:@7X2&gE2096
PRF_TST_2097,Dcj78BF:@7X2&gE2097
PRF_TST_2098,Dcj78BF:@7X2&gE2098
PRF_TST_2099,Dcj78BF:@7X2&gE2099
PRF_TST_2100,Dcj78BF:@7X2&gE2100
PRF_TST_2101,Dcj78BF:@7X2&gE2101
PRF_TST_2102,Dcj78BF:@7X2&gE2102
PRF_TST_2103,Dcj78BF:@7X2&gE2103
PRF_TST_2104,Dcj78BF:@7X2&gE2104
PRF_TST_2105,Dcj78BF:@7X2&gE2105
PRF_TST_2106,Dcj78BF:@7X2&gE2106
PRF_TST_2107,Dcj78BF:@7X2&gE2107
PRF_TST_2108,Dcj78BF:@7X2&gE2108
PRF_TST_2109,Dcj78BF:@7X2&gE2109
PRF_TST_2110,Dcj78BF:@7X2&gE2110
PRF_TST_2111,Dcj78BF:@7X2&gE2111
PRF_TST_2112,Dcj78BF:@7X2&gE2112
PRF_TST_2113,Dcj78BF:@7X2&gE2113
PRF_TST_2114,Dcj78BF:@7X2&gE2114
PRF_TST_2115,Dcj78BF:@7X2&gE2115
PRF_TST_2116,Dcj78BF:@7X2&gE2116
PRF_TST_2117,Dcj78BF:@7X2&gE2117
PRF_TST_2118,Dcj78BF:@7X2&gE2118
PRF_TST_2119,Dcj78BF:@7X2&gE2119
PRF_TST_2120,Dcj78BF:@7X2&gE2120
PRF_TST_2121,Dcj78BF:@7X2&gE2121
PRF_TST_2122,Dcj78BF:@7X2&gE2122
PRF_TST_2123,Dcj78BF:@7X2&gE2123
PRF_TST_2124,Dcj78BF:@7X2&gE2124
PRF_TST_2125,Dcj78BF:@7X2&gE2125
PRF_TST_2126,Dcj78BF:@7X2&gE2126
PRF_TST_2127,Dcj78BF:@7X2&gE2127
PRF_TST_2128,Dcj78BF:@7X2&gE2128
PRF_TST_2129,Dcj78BF:@7X2&gE2129
PRF_TST_2130,Dcj78BF:@7X2&gE2130
PRF_TST_2131,Dcj78BF:@7X2&gE2131
PRF_TST_2132,Dcj78BF:@7X2&gE2132
PRF_TST_2133,Dcj78BF:@7X2&gE2133
PRF_TST_2134,Dcj78BF:@7X2&gE2134
PRF_TST_2135,Dcj78BF:@7X2&gE2135
PRF_TST_2136,Dcj78BF:@7X2&gE2136
PRF_TST_2137,Dcj78BF:@7X2&gE2137
PRF_TST_2138,Dcj78BF:@7X2&gE2138
PRF_TST_2139,Dcj78BF:@7X2&gE2139
PRF_TST_2140,Dcj78BF:@7X2&gE2140
PRF_TST_2141,Dcj78BF:@7X2&gE2141
PRF_TST_2142,Dcj78BF:@7X2&gE2142
PRF_TST_2143,Dcj78BF:@7X2&gE2143
PRF_TST_2144,Dcj78BF:@7X2&gE2144
PRF_TST_2145,Dcj78BF:@7X2&gE2145
PRF_TST_2146,Dcj78BF:@7X2&gE2146
PRF_TST_2147,Dcj78BF:@7X2&gE2147
PRF_TST_2148,Dcj78BF:@7X2&gE2148
PRF_TST_2149,Dcj78BF:@7X2&gE2149
PRF_TST_2150,Dcj78BF:@7X2&gE2150
PRF_TST_2151,Dcj78BF:@7X2&gE2151
PRF_TST_2152,Dcj78BF:@7X2&gE2152
PRF_TST_2153,Dcj78BF:@7X2&gE2153
PRF_TST_2154,Dcj78BF:@7X2&gE2154
PRF_TST_2155,Dcj78BF:@7X2&gE2155
PRF_TST_2156,Dcj78BF:@7X2&gE2156
PRF_TST_2157,Dcj78BF:@7X2&gE2157
PRF_TST_2158,Dcj78BF:@7X2&gE2158
PRF_TST_2159,Dcj78BF:@7X2&gE2159
PRF_TST_2160,Dcj78BF:@7X2&gE2160
PRF_TST_2161,Dcj78BF:@7X2&gE2161
PRF_TST_2162,Dcj78BF:@7X2&gE2162
PRF_TST_2163,Dcj78BF:@7X2&gE2163
PRF_TST_2164,Dcj78BF:@7X2&gE2164
PRF_TST_2165,Dcj78BF:@7X2&gE2165
PRF_TST_2166,Dcj78BF:@7X2&gE2166
PRF_TST_2167,Dcj78BF:@7X2&gE2167
PRF_TST_2168,Dcj78BF:@7X2&gE2168
PRF_TST_2169,Dcj78BF:@7X2&gE2169
PRF_TST_2170,Dcj78BF:@7X2&gE2170
PRF_TST_2171,Dcj78BF:@7X2&gE2171
PRF_TST_2172,Dcj78BF:@7X2&gE2172
PRF_TST_2173,Dcj78BF:@7X2&gE2173
PRF_TST_2174,Dcj78BF:@7X2&gE2174
PRF_TST_2175,Dcj78BF:@7X2&gE2175
PRF_TST_2176,Dcj78BF:@7X2&gE2176
PRF_TST_2177,Dcj78BF:@7X2&gE2177
PRF_TST_2178,Dcj78BF:@7X2&gE2178
PRF_TST_2179,Dcj78BF:@7X2&gE2179
PRF_TST_2180,Dcj78BF:@7X2&gE2180
PRF_TST_2181,Dcj78BF:@7X2&gE2181
PRF_TST_2182,Dcj78BF:@7X2&gE2182
PRF_TST_2183,Dcj78BF:@7X2&gE2183
PRF_TST_2184,Dcj78BF:@7X2&gE2184
PRF_TST_2185,Dcj78BF:@7X2&gE2185
PRF_TST_2186,Dcj78BF:@7X2&gE2186
PRF_TST_2187,Dcj78BF:@7X2&gE2187
PRF_TST_2188,Dcj78BF:@7X2&gE2188
PRF_TST_2189,Dcj78BF:@7X2&gE2189
PRF_TST_2190,Dcj78BF:@7X2&gE2190
PRF_TST_2191,Dcj78BF:@7X2&gE2191
PRF_TST_2192,Dcj78BF:@7X2&gE2192
PRF_TST_2193,Dcj78BF:@7X2&gE2193
PRF_TST_2194,Dcj78BF:@7X2&gE2194
PRF_TST_2195,Dcj78BF:@7X2&gE2195
PRF_TST_2196,Dcj78BF:@7X2&gE2196
PRF_TST_2197,Dcj78BF:@7X2&gE2197
PRF_TST_2198,Dcj78BF:@7X2&gE2198
PRF_TST_2199,Dcj78BF:@7X2&gE2199
PRF_TST_2200,Dcj78BF:@7X2&gE2200
PRF_TST_2201,Dcj78BF:@7X2&gE2201
PRF_TST_2202,Dcj78BF:@7X2&gE2202
PRF_TST_2203,Dcj78BF:@7X2&gE2203
PRF_TST_2204,Dcj78BF:@7X2&gE2204
PRF_TST_2205,Dcj78BF:@7X2&gE2205
PRF_TST_2206,Dcj78BF:@7X2&gE2206
PRF_TST_2207,Dcj78BF:@7X2&gE2207
PRF_TST_2208,Dcj78BF:@7X2&gE2208
PRF_TST_2209,Dcj78BF:@7X2&gE2209
PRF_TST_2210,Dcj78BF:@7X2&gE2210
PRF_TST_2211,Dcj78BF:@7X2&gE2211
PRF_TST_2212,Dcj78BF:@7X2&gE2212
PRF_TST_2213,Dcj78BF:@7X2&gE2213
PRF_TST_2214,Dcj78BF:@7X2&gE2214
PRF_TST_2215,Dcj78BF:@7X2&gE2215
PRF_TST_2216,Dcj78BF:@7X2&gE2216
PRF_TST_2217,Dcj78BF:@7X2&gE2217
PRF_TST_2218,Dcj78BF:@7X2&gE2218
PRF_TST_2219,Dcj78BF:@7X2&gE2219
PRF_TST_2220,Dcj78BF:@7X2&gE2220
PRF_TST_2221,Dcj78BF:@7X2&gE2221
PRF_TST_2222,Dcj78BF:@7X2&gE2222
PRF_TST_2223,Dcj78BF:@7X2&gE2223
PRF_TST_2224,Dcj78BF:@7X2&gE2224
PRF_TST_2225,Dcj78BF:@7X2&gE2225
PRF_TST_2226,Dcj78BF:@7X2&gE2226
PRF_TST_2227,Dcj78BF:@7X2&gE2227
PRF_TST_2228,Dcj78BF:@7X2&gE2228
PRF_TST_2229,Dcj78BF:@7X2&gE2229
PRF_TST_2230,Dcj78BF:@7X2&gE2230
PRF_TST_2231,Dcj78BF:@7X2&gE2231
PRF_TST_2232,Dcj78BF:@7X2&gE2232
PRF_TST_2233,Dcj78BF:@7X2&gE2233
PRF_TST_2234,Dcj78BF:@7X2&gE2234
PRF_TST_2235,Dcj78BF:@7X2&gE2235
PRF_TST_2236,Dcj78BF:@7X2&gE2236
PRF_TST_2237,Dcj78BF:@7X2&gE2237
PRF_TST_2238,Dcj78BF:@7X2&gE2238
PRF_TST_2239,Dcj78BF:@7X2&gE2239
PRF_TST_2240,Dcj78BF:@7X2&gE2240
PRF_TST_2241,Dcj78BF:@7X2&gE2241
PRF_TST_2242,Dcj78BF:@7X2&gE2242
PRF_TST_2243,Dcj78BF:@7X2&gE2243
PRF_TST_2244,Dcj78BF:@7X2&gE2244
PRF_TST_2245,Dcj78BF:@7X2&gE2245
PRF_TST_2246,Dcj78BF:@7X2&gE2246
PRF_TST_2247,Dcj78BF:@7X2&gE2247
PRF_TST_2248,Dcj78BF:@7X2&gE2248
PRF_TST_2249,Dcj78BF:@7X2&gE2249
PRF_TST_2250,Dcj78BF:@7X2&gE2250
PRF_TST_2251,Dcj78BF:@7X2&gE2251
PRF_TST_2252,Dcj78BF:@7X2&gE2252
PRF_TST_2253,Dcj78BF:@7X2&gE2253
PRF_TST_2254,Dcj78BF:@7X2&gE2254
PRF_TST_2255,Dcj78BF:@7X2&gE2255
PRF_TST_2256,Dcj78BF:@7X2&gE2256
PRF_TST_2257,Dcj78BF:@7X2&gE2257
PRF_TST_2258,Dcj78BF:@7X2&gE2258
PRF_TST_2259,Dcj78BF:@7X2&gE2259
PRF_TST_2260,Dcj78BF:@7X2&gE2260
PRF_TST_2261,Dcj78BF:@7X2&gE2261
PRF_TST_2262,Dcj78BF:@7X2&gE2262
PRF_TST_2263,Dcj78BF:@7X2&gE2263
PRF_TST_2264,Dcj78BF:@7X2&gE2264
PRF_TST_2265,Dcj78BF:@7X2&gE2265
PRF_TST_2266,Dcj78BF:@7X2&gE2266
PRF_TST_2267,Dcj78BF:@7X2&gE2267
PRF_TST_2268,Dcj78BF:@7X2&gE2268
PRF_TST_2269,Dcj78BF:@7X2&gE2269
PRF_TST_2270,Dcj78BF:@7X2&gE2270
PRF_TST_2271,Dcj78BF:@7X2&gE2271
PRF_TST_2272,Dcj78BF:@7X2&gE2272
PRF_TST_2273,Dcj78BF:@7X2&gE2273
PRF_TST_2274,Dcj78BF:@7X2&gE2274
PRF_TST_2275,Dcj78BF:@7X2&gE2275
PRF_TST_2276,Dcj78BF:@7X2&gE2276
PRF_TST_2277,Dcj78BF:@7X2&gE2277
PRF_TST_2278,Dcj78BF:@7X2&gE2278
PRF_TST_2279,Dcj78BF:@7X2&gE2279
PRF_TST_2280,Dcj78BF:@7X2&gE2280
PRF_TST_2281,Dcj78BF:@7X2&gE2281
PRF_TST_2282,Dcj78BF:@7X2&gE2282
PRF_TST_2283,Dcj78BF:@7X2&gE2283
PRF_TST_2284,Dcj78BF:@7X2&gE2284
PRF_TST_2285,Dcj78BF:@7X2&gE2285
PRF_TST_2286,Dcj78BF:@7X2&gE2286
PRF_TST_2287,Dcj78BF:@7X2&gE2287
PRF_TST_2288,Dcj78BF:@7X2&gE2288
PRF_TST_2289,Dcj78BF:@7X2&gE2289
PRF_TST_2290,Dcj78BF:@7X2&gE2290
PRF_TST_2291,Dcj78BF:@7X2&gE2291
PRF_TST_2292,Dcj78BF:@7X2&gE2292
PRF_TST_2293,Dcj78BF:@7X2&gE2293
PRF_TST_2294,Dcj78BF:@7X2&gE2294
PRF_TST_2295,Dcj78BF:@7X2&gE2295
PRF_TST_2296,Dcj78BF:@7X2&gE2296
PRF_TST_2297,Dcj78BF:@7X2&gE2297
PRF_TST_2298,Dcj78BF:@7X2&gE2298
PRF_TST_2299,Dcj78BF:@7X2&gE2299
PRF_TST_2300,Dcj78BF:@7X2&gE2300
PRF_TST_2301,Dcj78BF:@7X2&gE2301
PRF_TST_2302,Dcj78BF:@7X2&gE2302
PRF_TST_2303,Dcj78BF:@7X2&gE2303
PRF_TST_2304,Dcj78BF:@7X2&gE2304
PRF_TST_2305,Dcj78BF:@7X2&gE2305
PRF_TST_2306,Dcj78BF:@7X2&gE2306
PRF_TST_2307,Dcj78BF:@7X2&gE2307
PRF_TST_2308,Dcj78BF:@7X2&gE2308
PRF_TST_2309,Dcj78BF:@7X2&gE2309
PRF_TST_2310,Dcj78BF:@7X2&gE2310
PRF_TST_2311,Dcj78BF:@7X2&gE2311
PRF_TST_2312,Dcj78BF:@7X2&gE2312
PRF_TST_2313,Dcj78BF:@7X2&gE2313
PRF_TST_2314,Dcj78BF:@7X2&gE2314
PRF_TST_2315,Dcj78BF:@7X2&gE2315
PRF_TST_2316,Dcj78BF:@7X2&gE2316
PRF_TST_2317,Dcj78BF:@7X2&gE2317
PRF_TST_2318,Dcj78BF:@7X2&gE2318
PRF_TST_2319,Dcj78BF:@7X2&gE2319
PRF_TST_2320,Dcj78BF:@7X2&gE2320
PRF_TST_2321,Dcj78BF:@7X2&gE2321
PRF_TST_2322,Dcj78BF:@7X2&gE2322
PRF_TST_2323,Dcj78BF:@7X2&gE2323
PRF_TST_2324,Dcj78BF:@7X2&gE2324
PRF_TST_2325,Dcj78BF:@7X2&gE2325
PRF_TST_2326,Dcj78BF:@7X2&gE2326
PRF_TST_2327,Dcj78BF:@7X2&gE2327
PRF_TST_2328,Dcj78BF:@7X2&gE2328
PRF_TST_2329,Dcj78BF:@7X2&gE2329
PRF_TST_2330,Dcj78BF:@7X2&gE2330
PRF_TST_2331,Dcj78BF:@7X2&gE2331
PRF_TST_2332,Dcj78BF:@7X2&gE2332
PRF_TST_2333,Dcj78BF:@7X2&gE2333
PRF_TST_2334,Dcj78BF:@7X2&gE2334
PRF_TST_2335,Dcj78BF:@7X2&gE2335
PRF_TST_2336,Dcj78BF:@7X2&gE2336
PRF_TST_2337,Dcj78BF:@7X2&gE2337
PRF_TST_2338,Dcj78BF:@7X2&gE2338
PRF_TST_2339,Dcj78BF:@7X2&gE2339
PRF_TST_2340,Dcj78BF:@7X2&gE2340
PRF_TST_2341,Dcj78BF:@7X2&gE2341
PRF_TST_2342,Dcj78BF:@7X2&gE2342
PRF_TST_2343,Dcj78BF:@7X2&gE2343
PRF_TST_2344,Dcj78BF:@7X2&gE2344
PRF_TST_2345,Dcj78BF:@7X2&gE2345
PRF_TST_2346,Dcj78BF:@7X2&gE2346
PRF_TST_2347,Dcj78BF:@7X2&gE2347
PRF_TST_2348,Dcj78BF:@7X2&gE2348
PRF_TST_2349,Dcj78BF:@7X2&gE2349
PRF_TST_2350,Dcj78BF:@7X2&gE2350
PRF_TST_2351,Dcj78BF:@7X2&gE2351
PRF_TST_2352,Dcj78BF:@7X2&gE2352
PRF_TST_2353,Dcj78BF:@7X2&gE2353
PRF_TST_2354,Dcj78BF:@7X2&gE2354
PRF_TST_2355,Dcj78BF:@7X2&gE2355
PRF_TST_2356,Dcj78BF:@7X2&gE2356
PRF_TST_2357,Dcj78BF:@7X2&gE2357
PRF_TST_2358,Dcj78BF:@7X2&gE2358
PRF_TST_2359,Dcj78BF:@7X2&gE2359
PRF_TST_2360,Dcj78BF:@7X2&gE2360
PRF_TST_2361,Dcj78BF:@7X2&gE2361
PRF_TST_2362,Dcj78BF:@7X2&gE2362
PRF_TST_2363,Dcj78BF:@7X2&gE2363
PRF_TST_2364,Dcj78BF:@7X2&gE2364
PRF_TST_2365,Dcj78BF:@7X2&gE2365
PRF_TST_2366,Dcj78BF:@7X2&gE2366
PRF_TST_2367,Dcj78BF:@7X2&gE2367
PRF_TST_2368,Dcj78BF:@7X2&gE2368
PRF_TST_2369,Dcj78BF:@7X2&gE2369
PRF_TST_2370,Dcj78BF:@7X2&gE2370
PRF_TST_2371,Dcj78BF:@7X2&gE2371
PRF_TST_2372,Dcj78BF:@7X2&gE2372
PRF_TST_2373,Dcj78BF:@7X2&gE2373
PRF_TST_2374,Dcj78BF:@7X2&gE2374
PRF_TST_2375,Dcj78BF:@7X2&gE2375
PRF_TST_2376,Dcj78BF:@7X2&gE2376
PRF_TST_2377,Dcj78BF:@7X2&gE2377
PRF_TST_2378,Dcj78BF:@7X2&gE2378
PRF_TST_2379,Dcj78BF:@7X2&gE2379
PRF_TST_2380,Dcj78BF:@7X2&gE2380
PRF_TST_2381,Dcj78BF:@7X2&gE2381
PRF_TST_2382,Dcj78BF:@7X2&gE2382
PRF_TST_2383,Dcj78BF:@7X2&gE2383
PRF_TST_2384,Dcj78BF:@7X2&gE2384
PRF_TST_2385,Dcj78BF:@7X2&gE2385
PRF_TST_2386,Dcj78BF:@7X2&gE2386
PRF_TST_2387,Dcj78BF:@7X2&gE2387
PRF_TST_2388,Dcj78BF:@7X2&gE2388
PRF_TST_2389,Dcj78BF:@7X2&gE2389
PRF_TST_2390,Dcj78BF:@7X2&gE2390
PRF_TST_2391,Dcj78BF:@7X2&gE2391
PRF_TST_2392,Dcj78BF:@7X2&gE2392
PRF_TST_2393,Dcj78BF:@7X2&gE2393
PRF_TST_2394,Dcj78BF:@7X2&gE2394
PRF_TST_2395,Dcj78BF:@7X2&gE2395
PRF_TST_2396,Dcj78BF:@7X2&gE2396
PRF_TST_2397,Dcj78BF:@7X2&gE2397
PRF_TST_2398,Dcj78BF:@7X2&gE2398
PRF_TST_2399,Dcj78BF:@7X2&gE2399
PRF_TST_2400,Dcj78BF:@7X2&gE2400
PRF_TST_2401,Dcj78BF:@7X2&gE2401
PRF_TST_2402,Dcj78BF:@7X2&gE2402
PRF_TST_2403,Dcj78BF:@7X2&gE2403
PRF_TST_2404,Dcj78BF:@7X2&gE2404
PRF_TST_2405,Dcj78BF:@7X2&gE2405
PRF_TST_2406,Dcj78BF:@7X2&gE2406
PRF_TST_2407,Dcj78BF:@7X2&gE2407
PRF_TST_2408,Dcj78BF:@7X2&gE2408
PRF_TST_2409,Dcj78BF:@7X2&gE2409
PRF_TST_2410,Dcj78BF:@7X2&gE2410
PRF_TST_2411,Dcj78BF:@7X2&gE2411
PRF_TST_2412,Dcj78BF:@7X2&gE2412
PRF_TST_2413,Dcj78BF:@7X2&gE2413
PRF_TST_2414,Dcj78BF:@7X2&gE2414
PRF_TST_2415,Dcj78BF:@7X2&gE2415
PRF_TST_2416,Dcj78BF:@7X2&gE2416
PRF_TST_2417,Dcj78BF:@7X2&gE2417
PRF_TST_2418,Dcj78BF:@7X2&gE2418
PRF_TST_2419,Dcj78BF:@7X2&gE2419
PRF_TST_2420,Dcj78BF:@7X2&gE2420
PRF_TST_2421,Dcj78BF:@7X2&gE2421
PRF_TST_2422,Dcj78BF:@7X2&gE2422
PRF_TST_2423,Dcj78BF:@7X2&gE2423
PRF_TST_2424,Dcj78BF:@7X2&gE2424
PRF_TST_2425,Dcj78BF:@7X2&gE2425
PRF_TST_2426,Dcj78BF:@7X2&gE2426
PRF_TST_2427,Dcj78BF:@7X2&gE2427
PRF_TST_2428,Dcj78BF:@7X2&gE2428
PRF_TST_2429,Dcj78BF:@7X2&gE2429
PRF_TST_2430,Dcj78BF:@7X2&gE2430
PRF_TST_2431,Dcj78BF:@7X2&gE2431
PRF_TST_2432,Dcj78BF:@7X2&gE2432
PRF_TST_2433,Dcj78BF:@7X2&gE2433
PRF_TST_2434,Dcj78BF:@7X2&gE2434
PRF_TST_2435,Dcj78BF:@7X2&gE2435
PRF_TST_2436,Dcj78BF:@7X2&gE2436
PRF_TST_2437,Dcj78BF:@7X2&gE2437
PRF_TST_2438,Dcj78BF:@7X2&gE2438
PRF_TST_2439,Dcj78BF:@7X2&gE2439
PRF_TST_2440,Dcj78BF:@7X2&gE2440
PRF_TST_2441,Dcj78BF:@7X2&gE2441
PRF_TST_2442,Dcj78BF:@7X2&gE2442
PRF_TST_2443,Dcj78BF:@7X2&gE2443
PRF_TST_2444,Dcj78BF:@7X2&gE2444
PRF_TST_2445,Dcj78BF:@7X2&gE2445
PRF_TST_2446,Dcj78BF:@7X2&gE2446
PRF_TST_2447,Dcj78BF:@7X2&gE2447
PRF_TST_2448,Dcj78BF:@7X2&gE2448
PRF_TST_2449,Dcj78BF:@7X2&gE2449
PRF_TST_2450,Dcj78BF:@7X2&gE2450
PRF_TST_2451,Dcj78BF:@7X2&gE2451
PRF_TST_2452,Dcj78BF:@7X2&gE2452
PRF_TST_2453,Dcj78BF:@7X2&gE2453
PRF_TST_2454,Dcj78BF:@7X2&gE2454
PRF_TST_2455,Dcj78BF:@7X2&gE2455
PRF_TST_2456,Dcj78BF:@7X2&gE2456
PRF_TST_2457,Dcj78BF:@7X2&gE2457
PRF_TST_2458,Dcj78BF:@7X2&gE2458
PRF_TST_2459,Dcj78BF:@7X2&gE2459
PRF_TST_2460,Dcj78BF:@7X2&gE2460
PRF_TST_2461,Dcj78BF:@7X2&gE2461
PRF_TST_2462,Dcj78BF:@7X2&gE2462
PRF_TST_2463,Dcj78BF:@7X2&gE2463
PRF_TST_2464,Dcj78BF:@7X2&gE2464
PRF_TST_2465,Dcj78BF:@7X2&gE2465
PRF_TST_2466,Dcj78BF:@7X2&gE2466
PRF_TST_2467,Dcj78BF:@7X2&gE2467
PRF_TST_2468,Dcj78BF:@7X2&gE2468
PRF_TST_2469,Dcj78BF:@7X2&gE2469
PRF_TST_2470,Dcj78BF:@7X2&gE2470
PRF_TST_2471,Dcj78BF:@7X2&gE2471
PRF_TST_2472,Dcj78BF:@7X2&gE2472
PRF_TST_2473,Dcj78BF:@7X2&gE2473
PRF_TST_2474,Dcj78BF:@7X2&gE2474
PRF_TST_2475,Dcj78BF:@7X2&gE2475
PRF_TST_2476,Dcj78BF:@7X2&gE2476
PRF_TST_2477,Dcj78BF:@7X2&gE2477
PRF_TST_2478,Dcj78BF:@7X2&gE2478
PRF_TST_2479,Dcj78BF:@7X2&gE2479
PRF_TST_2480,Dcj78BF:@7X2&gE2480
PRF_TST_2481,Dcj78BF:@7X2&gE2481
PRF_TST_2482,Dcj78BF:@7X2&gE2482
PRF_TST_2483,Dcj78BF:@7X2&gE2483
PRF_TST_2484,Dcj78BF:@7X2&gE2484
PRF_TST_2485,Dcj78BF:@7X2&gE2485
PRF_TST_2486,Dcj78BF:@7X2&gE2486
PRF_TST_2487,Dcj78BF:@7X2&gE2487
PRF_TST_2488,Dcj78BF:@7X2&gE2488
PRF_TST_2489,Dcj78BF:@7X2&gE2489
PRF_TST_2490,Dcj78BF:@7X2&gE2490
PRF_TST_2491,Dcj78BF:@7X2&gE2491
PRF_TST_2492,Dcj78BF:@7X2&gE2492
PRF_TST_2493,Dcj78BF:@7X2&gE2493
PRF_TST_2494,Dcj78BF:@7X2&gE2494
PRF_TST_2495,Dcj78BF:@7X2&gE2495
PRF_TST_2496,Dcj78BF:@7X2&gE2496
PRF_TST_2497,Dcj78BF:@7X2&gE2497
PRF_TST_2498,Dcj78BF:@7X2&gE2498
PRF_TST_2499,Dcj78BF:@7X2&gE2499
PRF_TST_2500,Dcj78BF:@7X2&gE2500
PRF_TST_2501,Dcj78BF:@7X2&gE2501
PRF_TST_2502,Dcj78BF:@7X2&gE2502
PRF_TST_2503,Dcj78BF:@7X2&gE2503
PRF_TST_2504,Dcj78BF:@7X2&gE2504
PRF_TST_2505,Dcj78BF:@7X2&gE2505
PRF_TST_2506,Dcj78BF:@7X2&gE2506
PRF_TST_2507,Dcj78BF:@7X2&gE2507
PRF_TST_2508,Dcj78BF:@7X2&gE2508
PRF_TST_2509,Dcj78BF:@7X2&gE2509
PRF_TST_2510,Dcj78BF:@7X2&gE2510
PRF_TST_2511,Dcj78BF:@7X2&gE2511
PRF_TST_2512,Dcj78BF:@7X2&gE2512
PRF_TST_2513,Dcj78BF:@7X2&gE2513
PRF_TST_2514,Dcj78BF:@7X2&gE2514
PRF_TST_2515,Dcj78BF:@7X2&gE2515
PRF_TST_2516,Dcj78BF:@7X2&gE2516
PRF_TST_2517,Dcj78BF:@7X2&gE2517
PRF_TST_2518,Dcj78BF:@7X2&gE2518
PRF_TST_2519,Dcj78BF:@7X2&gE2519
PRF_TST_2520,Dcj78BF:@7X2&gE2520
PRF_TST_2521,Dcj78BF:@7X2&gE2521
PRF_TST_2522,Dcj78BF:@7X2&gE2522
PRF_TST_2523,Dcj78BF:@7X2&gE2523
PRF_TST_2524,Dcj78BF:@7X2&gE2524
PRF_TST_2525,Dcj78BF:@7X2&gE2525
PRF_TST_2526,Dcj78BF:@7X2&gE2526
PRF_TST_2527,Dcj78BF:@7X2&gE2527
PRF_TST_2528,Dcj78BF:@7X2&gE2528
PRF_TST_2529,Dcj78BF:@7X2&gE2529
PRF_TST_2530,Dcj78BF:@7X2&gE2530
PRF_TST_2531,Dcj78BF:@7X2&gE2531
PRF_TST_2532,Dcj78BF:@7X2&gE2532
PRF_TST_2533,Dcj78BF:@7X2&gE2533
PRF_TST_2534,Dcj78BF:@7X2&gE2534
PRF_TST_2535,Dcj78BF:@7X2&gE2535
PRF_TST_2536,Dcj78BF:@7X2&gE2536
PRF_TST_2537,Dcj78BF:@7X2&gE2537
PRF_TST_2538,Dcj78BF:@7X2&gE2538
PRF_TST_2539,Dcj78BF:@7X2&gE2539
PRF_TST_2540,Dcj78BF:@7X2&gE2540
PRF_TST_2541,Dcj78BF:@7X2&gE2541
PRF_TST_2542,Dcj78BF:@7X2&gE2542
PRF_TST_2543,Dcj78BF:@7X2&gE2543
PRF_TST_2544,Dcj78BF:@7X2&gE2544
PRF_TST_2545,Dcj78BF:@7X2&gE2545
PRF_TST_2546,Dcj78BF:@7X2&gE2546
PRF_TST_2547,Dcj78BF:@7X2&gE2547
PRF_TST_2548,Dcj78BF:@7X2&gE2548
PRF_TST_2549,Dcj78BF:@7X2&gE2549
PRF_TST_2550,Dcj78BF:@7X2&gE2550
PRF_TST_2551,Dcj78BF:@7X2&gE2551
PRF_TST_2552,Dcj78BF:@7X2&gE2552
PRF_TST_2553,Dcj78BF:@7X2&gE2553
PRF_TST_2554,Dcj78BF:@7X2&gE2554
PRF_TST_2555,Dcj78BF:@7X2&gE2555
PRF_TST_2556,Dcj78BF:@7X2&gE2556
PRF_TST_2557,Dcj78BF:@7X2&gE2557
PRF_TST_2558,Dcj78BF:@7X2&gE2558
PRF_TST_2559,Dcj78BF:@7X2&gE2559
PRF_TST_2560,Dcj78BF:@7X2&gE2560
PRF_TST_2561,Dcj78BF:@7X2&gE2561
PRF_TST_2562,Dcj78BF:@7X2&gE2562
PRF_TST_2563,Dcj78BF:@7X2&gE2563
PRF_TST_2564,Dcj78BF:@7X2&gE2564
PRF_TST_2565,Dcj78BF:@7X2&gE2565
PRF_TST_2566,Dcj78BF:@7X2&gE2566
PRF_TST_2567,Dcj78BF:@7X2&gE2567
PRF_TST_2568,Dcj78BF:@7X2&gE2568
PRF_TST_2569,Dcj78BF:@7X2&gE2569
PRF_TST_2570,Dcj78BF:@7X2&gE2570
PRF_TST_2571,Dcj78BF:@7X2&gE2571
PRF_TST_2572,Dcj78BF:@7X2&gE2572
PRF_TST_2573,Dcj78BF:@7X2&gE2573
PRF_TST_2574,Dcj78BF:@7X2&gE2574
PRF_TST_2575,Dcj78BF:@7X2&gE2575
PRF_TST_2576,Dcj78BF:@7X2&gE2576
PRF_TST_2577,Dcj78BF:@7X2&gE2577
PRF_TST_2578,Dcj78BF:@7X2&gE2578
PRF_TST_2579,Dcj78BF:@7X2&gE2579
PRF_TST_2580,Dcj78BF:@7X2&gE2580
PRF_TST_2581,Dcj78BF:@7X2&gE2581
PRF_TST_2582,Dcj78BF:@7X2&gE2582
PRF_TST_2583,Dcj78BF:@7X2&gE2583
PRF_TST_2584,Dcj78BF:@7X2&gE2584
PRF_TST_2585,Dcj78BF:@7X2&gE2585
PRF_TST_2586,Dcj78BF:@7X2&gE2586
PRF_TST_2587,Dcj78BF:@7X2&gE2587
PRF_TST_2588,Dcj78BF:@7X2&gE2588
PRF_TST_2589,Dcj78BF:@7X2&gE2589
PRF_TST_2590,Dcj78BF:@7X2&gE2590
PRF_TST_2591,Dcj78BF:@7X2&gE2591
PRF_TST_2592,Dcj78BF:@7X2&gE2592
PRF_TST_2593,Dcj78BF:@7X2&gE2593
PRF_TST_2594,Dcj78BF:@7X2&gE2594
PRF_TST_2595,Dcj78BF:@7X2&gE2595
PRF_TST_2596,Dcj78BF:@7X2&gE2596
PRF_TST_2597,Dcj78BF:@7X2&gE2597
PRF_TST_2598,Dcj78BF:@7X2&gE2598
PRF_TST_2599,Dcj78BF:@7X2&gE2599
PRF_TST_2600,Dcj78BF:@7X2&gE2600
PRF_TST_2601,Dcj78BF:@7X2&gE2601
PRF_TST_2602,Dcj78BF:@7X2&gE2602
PRF_TST_2603,Dcj78BF:@7X2&gE2603
PRF_TST_2604,Dcj78BF:@7X2&gE2604
PRF_TST_2605,Dcj78BF:@7X2&gE2605
PRF_TST_2606,Dcj78BF:@7X2&gE2606
PRF_TST_2607,Dcj78BF:@7X2&gE2607
PRF_TST_2608,Dcj78BF:@7X2&gE2608
PRF_TST_2609,Dcj78BF:@7X2&gE2609
PRF_TST_2610,Dcj78BF:@7X2&gE2610
PRF_TST_2611,Dcj78BF:@7X2&gE2611
PRF_TST_2612,Dcj78BF:@7X2&gE2612
PRF_TST_2613,Dcj78BF:@7X2&gE2613
PRF_TST_2614,Dcj78BF:@7X2&gE2614
PRF_TST_2615,Dcj78BF:@7X2&gE2615
PRF_TST_2616,Dcj78BF:@7X2&gE2616
PRF_TST_2617,Dcj78BF:@7X2&gE2617
PRF_TST_2618,Dcj78BF:@7X2&gE2618
PRF_TST_2619,Dcj78BF:@7X2&gE2619
PRF_TST_2620,Dcj78BF:@7X2&gE2620
PRF_TST_2621,Dcj78BF:@7X2&gE2621
PRF_TST_2622,Dcj78BF:@7X2&gE2622
PRF_TST_2623,Dcj78BF:@7X2&gE2623
PRF_TST_2624,Dcj78BF:@7X2&gE2624
PRF_TST_2625,Dcj78BF:@7X2&gE2625
PRF_TST_2626,Dcj78BF:@7X2&gE2626
PRF_TST_2627,Dcj78BF:@7X2&gE2627
PRF_TST_2628,Dcj78BF:@7X2&gE2628
PRF_TST_2629,Dcj78BF:@7X2&gE2629
PRF_TST_2630,Dcj78BF:@7X2&gE2630
PRF_TST_2631,Dcj78BF:@7X2&gE2631
PRF_TST_2632,Dcj78BF:@7X2&gE2632
PRF_TST_2633,Dcj78BF:@7X2&gE2633
PRF_TST_2634,Dcj78BF:@7X2&gE2634
PRF_TST_2635,Dcj78BF:@7X2&gE2635
PRF_TST_2636,Dcj78BF:@7X2&gE2636
PRF_TST_2637,Dcj78BF:@7X2&gE2637
PRF_TST_2638,Dcj78BF:@7X2&gE2638
PRF_TST_2639,Dcj78BF:@7X2&gE2639
PRF_TST_2640,Dcj78BF:@7X2&gE2640
PRF_TST_2641,Dcj78BF:@7X2&gE2641
PRF_TST_2642,Dcj78BF:@7X2&gE2642
PRF_TST_2643,Dcj78BF:@7X2&gE2643
PRF_TST_2644,Dcj78BF:@7X2&gE2644
PRF_TST_2645,Dcj78BF:@7X2&gE2645
PRF_TST_2646,Dcj78BF:@7X2&gE2646
PRF_TST_2647,Dcj78BF:@7X2&gE2647
PRF_TST_2648,Dcj78BF:@7X2&gE2648
PRF_TST_2649,Dcj78BF:@7X2&gE2649
PRF_TST_2650,Dcj78BF:@7X2&gE2650
PRF_TST_2651,Dcj78BF:@7X2&gE2651
PRF_TST_2652,Dcj78BF:@7X2&gE2652
PRF_TST_2653,Dcj78BF:@7X2&gE2653
PRF_TST_2654,Dcj78BF:@7X2&gE2654
PRF_TST_2655,Dcj78BF:@7X2&gE2655
PRF_TST_2656,Dcj78BF:@7X2&gE2656
PRF_TST_2657,Dcj78BF:@7X2&gE2657
PRF_TST_2658,Dcj78BF:@7X2&gE2658
PRF_TST_2659,Dcj78BF:@7X2&gE2659
PRF_TST_2660,Dcj78BF:@7X2&gE2660
PRF_TST_2661,Dcj78BF:@7X2&gE2661
PRF_TST_2662,Dcj78BF:@7X2&gE2662
PRF_TST_2663,Dcj78BF:@7X2&gE2663
PRF_TST_2664,Dcj78BF:@7X2&gE2664
PRF_TST_2665,Dcj78BF:@7X2&gE2665
PRF_TST_2666,Dcj78BF:@7X2&gE2666
PRF_TST_2667,Dcj78BF:@7X2&gE2667
PRF_TST_2668,Dcj78BF:@7X2&gE2668
PRF_TST_2669,Dcj78BF:@7X2&gE2669
PRF_TST_2670,Dcj78BF:@7X2&gE2670
PRF_TST_2671,Dcj78BF:@7X2&gE2671
PRF_TST_2672,Dcj78BF:@7X2&gE2672
PRF_TST_2673,Dcj78BF:@7X2&gE2673
PRF_TST_2674,Dcj78BF:@7X2&gE2674
PRF_TST_2675,Dcj78BF:@7X2&gE2675
PRF_TST_2676,Dcj78BF:@7X2&gE2676
PRF_TST_2677,Dcj78BF:@7X2&gE2677
PRF_TST_2678,Dcj78BF:@7X2&gE2678
PRF_TST_2679,Dcj78BF:@7X2&gE2679
PRF_TST_2680,Dcj78BF:@7X2&gE2680
PRF_TST_2681,Dcj78BF:@7X2&gE2681
PRF_TST_2682,Dcj78BF:@7X2&gE2682
PRF_TST_2683,Dcj78BF:@7X2&gE2683
PRF_TST_2684,Dcj78BF:@7X2&gE2684
PRF_TST_2685,Dcj78BF:@7X2&gE2685
PRF_TST_2686,Dcj78BF:@7X2&gE2686
PRF_TST_2687,Dcj78BF:@7X2&gE2687
PRF_TST_2688,Dcj78BF:@7X2&gE2688
PRF_TST_2689,Dcj78BF:@7X2&gE2689
PRF_TST_2690,Dcj78BF:@7X2&gE2690
PRF_TST_2691,Dcj78BF:@7X2&gE2691
PRF_TST_2692,Dcj78BF:@7X2&gE2692
PRF_TST_2693,Dcj78BF:@7X2&gE2693
PRF_TST_2694,Dcj78BF:@7X2&gE2694
PRF_TST_2695,Dcj78BF:@7X2&gE2695
PRF_TST_2696,Dcj78BF:@7X2&gE2696
PRF_TST_2697,Dcj78BF:@7X2&gE2697
PRF_TST_2698,Dcj78BF:@7X2&gE2698
PRF_TST_2699,Dcj78BF:@7X2&gE2699
PRF_TST_2700,Dcj78BF:@7X2&gE2700
PRF_TST_2701,Dcj78BF:@7X2&gE2701
PRF_TST_2702,Dcj78BF:@7X2&gE2702
PRF_TST_2703,Dcj78BF:@7X2&gE2703
PRF_TST_2704,Dcj78BF:@7X2&gE2704
PRF_TST_2705,Dcj78BF:@7X2&gE2705
PRF_TST_2706,Dcj78BF:@7X2&gE2706
PRF_TST_2707,Dcj78BF:@7X2&gE2707
PRF_TST_2708,Dcj78BF:@7X2&gE2708
PRF_TST_2709,Dcj78BF:@7X2&gE2709
PRF_TST_2710,Dcj78BF:@7X2&gE2710
PRF_TST_2711,Dcj78BF:@7X2&gE2711
PRF_TST_2712,Dcj78BF:@7X2&gE2712
PRF_TST_2713,Dcj78BF:@7X2&gE2713
PRF_TST_2714,Dcj78BF:@7X2&gE2714
PRF_TST_2715,Dcj78BF:@7X2&gE2715
PRF_TST_2716,Dcj78BF:@7X2&gE2716
PRF_TST_2717,Dcj78BF:@7X2&gE2717
PRF_TST_2718,Dcj78BF:@7X2&gE2718
PRF_TST_2719,Dcj78BF:@7X2&gE2719
PRF_TST_2720,Dcj78BF:@7X2&gE2720
PRF_TST_2721,Dcj78BF:@7X2&gE2721
PRF_TST_2722,Dcj78BF:@7X2&gE2722
PRF_TST_2723,Dcj78BF:@7X2&gE2723
PRF_TST_2724,Dcj78BF:@7X2&gE2724
PRF_TST_2725,Dcj78BF:@7X2&gE2725
PRF_TST_2726,Dcj78BF:@7X2&gE2726
PRF_TST_2727,Dcj78BF:@7X2&gE2727
PRF_TST_2728,Dcj78BF:@7X2&gE2728
PRF_TST_2729,Dcj78BF:@7X2&gE2729
PRF_TST_2730,Dcj78BF:@7X2&gE2730
PRF_TST_2731,Dcj78BF:@7X2&gE2731
PRF_TST_2732,Dcj78BF:@7X2&gE2732
PRF_TST_2733,Dcj78BF:@7X2&gE2733
PRF_TST_2734,Dcj78BF:@7X2&gE2734
PRF_TST_2735,Dcj78BF:@7X2&gE2735
PRF_TST_2736,Dcj78BF:@7X2&gE2736
PRF_TST_2737,Dcj78BF:@7X2&gE2737
PRF_TST_2738,Dcj78BF:@7X2&gE2738
PRF_TST_2739,Dcj78BF:@7X2&gE2739
PRF_TST_2740,Dcj78BF:@7X2&gE2740
PRF_TST_2741,Dcj78BF:@7X2&gE2741
PRF_TST_2742,Dcj78BF:@7X2&gE2742
PRF_TST_2743,Dcj78BF:@7X2&gE2743
PRF_TST_2744,Dcj78BF:@7X2&gE2744
PRF_TST_2745,Dcj78BF:@7X2&gE2745
PRF_TST_2746,Dcj78BF:@7X2&gE2746
PRF_TST_2747,Dcj78BF:@7X2&gE2747
PRF_TST_2748,Dcj78BF:@7X2&gE2748
PRF_TST_2749,Dcj78BF:@7X2&gE2749
PRF_TST_2750,Dcj78BF:@7X2&gE2750
PRF_TST_2751,Dcj78BF:@7X2&gE2751
PRF_TST_2752,Dcj78BF:@7X2&gE2752
PRF_TST_2753,Dcj78BF:@7X2&gE2753
PRF_TST_2754,Dcj78BF:@7X2&gE2754
PRF_TST_2755,Dcj78BF:@7X2&gE2755
PRF_TST_2756,Dcj78BF:@7X2&gE2756
PRF_TST_2757,Dcj78BF:@7X2&gE2757
PRF_TST_2758,Dcj78BF:@7X2&gE2758
PRF_TST_2759,Dcj78BF:@7X2&gE2759
PRF_TST_2760,Dcj78BF:@7X2&gE2760
PRF_TST_2761,Dcj78BF:@7X2&gE2761
PRF_TST_2762,Dcj78BF:@7X2&gE2762
PRF_TST_2763,Dcj78BF:@7X2&gE2763
PRF_TST_2764,Dcj78BF:@7X2&gE2764
PRF_TST_2765,Dcj78BF:@7X2&gE2765
PRF_TST_2766,Dcj78BF:@7X2&gE2766
PRF_TST_2767,Dcj78BF:@7X2&gE2767
PRF_TST_2768,Dcj78BF:@7X2&gE2768
PRF_TST_2769,Dcj78BF:@7X2&gE2769
PRF_TST_2770,Dcj78BF:@7X2&gE2770
PRF_TST_2771,Dcj78BF:@7X2&gE2771
PRF_TST_2772,Dcj78BF:@7X2&gE2772
PRF_TST_2773,Dcj78BF:@7X2&gE2773
PRF_TST_2774,Dcj78BF:@7X2&gE2774
PRF_TST_2775,Dcj78BF:@7X2&gE2775
PRF_TST_2776,Dcj78BF:@7X2&gE2776
PRF_TST_2777,Dcj78BF:@7X2&gE2777
PRF_TST_2778,Dcj78BF:@7X2&gE2778
PRF_TST_2779,Dcj78BF:@7X2&gE2779
PRF_TST_2780,Dcj78BF:@7X2&gE2780
PRF_TST_2781,Dcj78BF:@7X2&gE2781
PRF_TST_2782,Dcj78BF:@7X2&gE2782
PRF_TST_2783,Dcj78BF:@7X2&gE2783
PRF_TST_2784,Dcj78BF:@7X2&gE2784
PRF_TST_2785,Dcj78BF:@7X2&gE2785
PRF_TST_2786,Dcj78BF:@7X2&gE2786
PRF_TST_2787,Dcj78BF:@7X2&gE2787
PRF_TST_2788,Dcj78BF:@7X2&gE2788
PRF_TST_2789,Dcj78BF:@7X2&gE2789
PRF_TST_2790,Dcj78BF:@7X2&gE2790
PRF_TST_2791,Dcj78BF:@7X2&gE2791
PRF_TST_2792,Dcj78BF:@7X2&gE2792
PRF_TST_2793,Dcj78BF:@7X2&gE2793
PRF_TST_2794,Dcj78BF:@7X2&gE2794
PRF_TST_2795,Dcj78BF:@7X2&gE2795
PRF_TST_2796,Dcj78BF:@7X2&gE2796
PRF_TST_2797,Dcj78BF:@7X2&gE2797
PRF_TST_2798,Dcj78BF:@7X2&gE2798
PRF_TST_2799,Dcj78BF:@7X2&gE2799
PRF_TST_2800,Dcj78BF:@7X2&gE2800
PRF_TST_2801,Dcj78BF:@7X2&gE2801
PRF_TST_2802,Dcj78BF:@7X2&gE2802
PRF_TST_2803,Dcj78BF:@7X2&gE2803
PRF_TST_2804,Dcj78BF:@7X2&gE2804
PRF_TST_2805,Dcj78BF:@7X2&gE2805
PRF_TST_2806,Dcj78BF:@7X2&gE2806
PRF_TST_2807,Dcj78BF:@7X2&gE2807
PRF_TST_2808,Dcj78BF:@7X2&gE2808
PRF_TST_2809,Dcj78BF:@7X2&gE2809
PRF_TST_2810,Dcj78BF:@7X2&gE2810
PRF_TST_2811,Dcj78BF:@7X2&gE2811
PRF_TST_2812,Dcj78BF:@7X2&gE2812
PRF_TST_2813,Dcj78BF:@7X2&gE2813
PRF_TST_2814,Dcj78BF:@7X2&gE2814
PRF_TST_2815,Dcj78BF:@7X2&gE2815
PRF_TST_2816,Dcj78BF:@7X2&gE2816
PRF_TST_2817,Dcj78BF:@7X2&gE2817
PRF_TST_2818,Dcj78BF:@7X2&gE2818
PRF_TST_2819,Dcj78BF:@7X2&gE2819
PRF_TST_2820,Dcj78BF:@7X2&gE2820
PRF_TST_2821,Dcj78BF:@7X2&gE2821
PRF_TST_2822,Dcj78BF:@7X2&gE2822
PRF_TST_2823,Dcj78BF:@7X2&gE2823
PRF_TST_2824,Dcj78BF:@7X2&gE2824
PRF_TST_2825,Dcj78BF:@7X2&gE2825
PRF_TST_2826,Dcj78BF:@7X2&gE2826
PRF_TST_2827,Dcj78BF:@7X2&gE2827
PRF_TST_2828,Dcj78BF:@7X2&gE2828
PRF_TST_2829,Dcj78BF:@7X2&gE2829
PRF_TST_2830,Dcj78BF:@7X2&gE2830
PRF_TST_2831,Dcj78BF:@7X2&gE2831
PRF_TST_2832,Dcj78BF:@7X2&gE2832
PRF_TST_2833,Dcj78BF:@7X2&gE2833
PRF_TST_2834,Dcj78BF:@7X2&gE2834
PRF_TST_2835,Dcj78BF:@7X2&gE2835
PRF_TST_2836,Dcj78BF:@7X2&gE2836
PRF_TST_2837,Dcj78BF:@7X2&gE2837
PRF_TST_2838,Dcj78BF:@7X2&gE2838
PRF_TST_2839,Dcj78BF:@7X2&gE2839
PRF_TST_2840,Dcj78BF:@7X2&gE2840
PRF_TST_2841,Dcj78BF:@7X2&gE2841
PRF_TST_2842,Dcj78BF:@7X2&gE2842
PRF_TST_2843,Dcj78BF:@7X2&gE2843
PRF_TST_2844,Dcj78BF:@7X2&gE2844
PRF_TST_2845,Dcj78BF:@7X2&gE2845
PRF_TST_2846,Dcj78BF:@7X2&gE2846
PRF_TST_2847,Dcj78BF:@7X2&gE2847
PRF_TST_2848,Dcj78BF:@7X2&gE2848
PRF_TST_2849,Dcj78BF:@7X2&gE2849
PRF_TST_2850,Dcj78BF:@7X2&gE2850
PRF_TST_2851,Dcj78BF:@7X2&gE2851
PRF_TST_2852,Dcj78BF:@7X2&gE2852
PRF_TST_2853,Dcj78BF:@7X2&gE2853
PRF_TST_2854,Dcj78BF:@7X2&gE2854
PRF_TST_2855,Dcj78BF:@7X2&gE2855
PRF_TST_2856,Dcj78BF:@7X2&gE2856
PRF_TST_2857,Dcj78BF:@7X2&gE2857
PRF_TST_2858,Dcj78BF:@7X2&gE2858
PRF_TST_2859,Dcj78BF:@7X2&gE2859
PRF_TST_2860,Dcj78BF:@7X2&gE2860
PRF_TST_2861,Dcj78BF:@7X2&gE2861
PRF_TST_2862,Dcj78BF:@7X2&gE2862
PRF_TST_2863,Dcj78BF:@7X2&gE2863
PRF_TST_2864,Dcj78BF:@7X2&gE2864
PRF_TST_2865,Dcj78BF:@7X2&gE2865
PRF_TST_2866,Dcj78BF:@7X2&gE2866
PRF_TST_2867,Dcj78BF:@7X2&gE2867
PRF_TST_2868,Dcj78BF:@7X2&gE2868
PRF_TST_2869,Dcj78BF:@7X2&gE2869
PRF_TST_2870,Dcj78BF:@7X2&gE2870
PRF_TST_2871,Dcj78BF:@7X2&gE2871
PRF_TST_2872,Dcj78BF:@7X2&gE2872
PRF_TST_2873,Dcj78BF:@7X2&gE2873
PRF_TST_2874,Dcj78BF:@7X2&gE2874
PRF_TST_2875,Dcj78BF:@7X2&gE2875
PRF_TST_2876,Dcj78BF:@7X2&gE2876
PRF_TST_2877,Dcj78BF:@7X2&gE2877
PRF_TST_2878,Dcj78BF:@7X2&gE2878
PRF_TST_2879,Dcj78BF:@7X2&gE2879
PRF_TST_2880,Dcj78BF:@7X2&gE2880
PRF_TST_2881,Dcj78BF:@7X2&gE2881
PRF_TST_2882,Dcj78BF:@7X2&gE2882
PRF_TST_2883,Dcj78BF:@7X2&gE2883
PRF_TST_2884,Dcj78BF:@7X2&gE2884
PRF_TST_2885,Dcj78BF:@7X2&gE2885
PRF_TST_2886,Dcj78BF:@7X2&gE2886
PRF_TST_2887,Dcj78BF:@7X2&gE2887
PRF_TST_2888,Dcj78BF:@7X2&gE2888
PRF_TST_2889,Dcj78BF:@7X2&gE2889
PRF_TST_2890,Dcj78BF:@7X2&gE2890
PRF_TST_2891,Dcj78BF:@7X2&gE2891
PRF_TST_2892,Dcj78BF:@7X2&gE2892
PRF_TST_2893,Dcj78BF:@7X2&gE2893
PRF_TST_2894,Dcj78BF:@7X2&gE2894
PRF_TST_2895,Dcj78BF:@7X2&gE2895
PRF_TST_2896,Dcj78BF:@7X2&gE2896
PRF_TST_2897,Dcj78BF:@7X2&gE2897
PRF_TST_2898,Dcj78BF:@7X2&gE2898
PRF_TST_2899,Dcj78BF:@7X2&gE2899
PRF_TST_2900,Dcj78BF:@7X2&gE2900
PRF_TST_2901,Dcj78BF:@7X2&gE2901
PRF_TST_2902,Dcj78BF:@7X2&gE2902
PRF_TST_2903,Dcj78BF:@7X2&gE2903
PRF_TST_2904,Dcj78BF:@7X2&gE2904
PRF_TST_2905,Dcj78BF:@7X2&gE2905
PRF_TST_2906,Dcj78BF:@7X2&gE2906
PRF_TST_2907,Dcj78BF:@7X2&gE2907
PRF_TST_2908,Dcj78BF:@7X2&gE2908
PRF_TST_2909,Dcj78BF:@7X2&gE2909
PRF_TST_2910,Dcj78BF:@7X2&gE2910
PRF_TST_2911,Dcj78BF:@7X2&gE2911
PRF_TST_2912,Dcj78BF:@7X2&gE2912
PRF_TST_2913,Dcj78BF:@7X2&gE2913
PRF_TST_2914,Dcj78BF:@7X2&gE2914
PRF_TST_2915,Dcj78BF:@7X2&gE2915
PRF_TST_2916,Dcj78BF:@7X2&gE2916
PRF_TST_2917,Dcj78BF:@7X2&gE2917
PRF_TST_2918,Dcj78BF:@7X2&gE2918
PRF_TST_2919,Dcj78BF:@7X2&gE2919
PRF_TST_2920,Dcj78BF:@7X2&gE2920
PRF_TST_2921,Dcj78BF:@7X2&gE2921
PRF_TST_2922,Dcj78BF:@7X2&gE2922
PRF_TST_2923,Dcj78BF:@7X2&gE2923
PRF_TST_2924,Dcj78BF:@7X2&gE2924
PRF_TST_2925,Dcj78BF:@7X2&gE2925
PRF_TST_2926,Dcj78BF:@7X2&gE2926
PRF_TST_2927,Dcj78BF:@7X2&gE2927
PRF_TST_2928,Dcj78BF:@7X2&gE2928
PRF_TST_2929,Dcj78BF:@7X2&gE2929
PRF_TST_2930,Dcj78BF:@7X2&gE2930
PRF_TST_2931,Dcj78BF:@7X2&gE2931
PRF_TST_2932,Dcj78BF:@7X2&gE2932
PRF_TST_2933,Dcj78BF:@7X2&gE2933
PRF_TST_2934,Dcj78BF:@7X2&gE2934
PRF_TST_2935,Dcj78BF:@7X2&gE2935
PRF_TST_2936,Dcj78BF:@7X2&gE2936
PRF_TST_2937,Dcj78BF:@7X2&gE2937
PRF_TST_2938,Dcj78BF:@7X2&gE2938
PRF_TST_2939,Dcj78BF:@7X2&gE2939
PRF_TST_2940,Dcj78BF:@7X2&gE2940
PRF_TST_2941,Dcj78BF:@7X2&gE2941
PRF_TST_2942,Dcj78BF:@7X2&gE2942
PRF_TST_2943,Dcj78BF:@7X2&gE2943
PRF_TST_2944,Dcj78BF:@7X2&gE2944
PRF_TST_2945,Dcj78BF:@7X2&gE2945
PRF_TST_2946,Dcj78BF:@7X2&gE2946
PRF_TST_2947,Dcj78BF:@7X2&gE2947
PRF_TST_2948,Dcj78BF:@7X2&gE2948
PRF_TST_2949,Dcj78BF:@7X2&gE2949
PRF_TST_2950,Dcj78BF:@7X2&gE2950
PRF_TST_2951,Dcj78BF:@7X2&gE2951
PRF_TST_2952,Dcj78BF:@7X2&gE2952
PRF_TST_2953,Dcj78BF:@7X2&gE2953
PRF_TST_2954,Dcj78BF:@7X2&gE2954
PRF_TST_2955,Dcj78BF:@7X2&gE2955
PRF_TST_2956,Dcj78BF:@7X2&gE2956
PRF_TST_2957,Dcj78BF:@7X2&gE2957
PRF_TST_2958,Dcj78BF:@7X2&gE2958
PRF_TST_2959,Dcj78BF:@7X2&gE2959
PRF_TST_2960,Dcj78BF:@7X2&gE2960
PRF_TST_2961,Dcj78BF:@7X2&gE2961
PRF_TST_2962,Dcj78BF:@7X2&gE2962
PRF_TST_2963,Dcj78BF:@7X2&gE2963
PRF_TST_2964,Dcj78BF:@7X2&gE2964
PRF_TST_2965,Dcj78BF:@7X2&gE2965
PRF_TST_2966,Dcj78BF:@7X2&gE2966
PRF_TST_2967,Dcj78BF:@7X2&gE2967
PRF_TST_2968,Dcj78BF:@7X2&gE2968
PRF_TST_2969,Dcj78BF:@7X2&gE2969
PRF_TST_2970,Dcj78BF:@7X2&gE2970
PRF_TST_2971,Dcj78BF:@7X2&gE2971
PRF_TST_2972,Dcj78BF:@7X2&gE2972
PRF_TST_2973,Dcj78BF:@7X2&gE2973
PRF_TST_2974,Dcj78BF:@7X2&gE2974
PRF_TST_2975,Dcj78BF:@7X2&gE2975
PRF_TST_2976,Dcj78BF:@7X2&gE2976
PRF_TST_2977,Dcj78BF:@7X2&gE2977
PRF_TST_2978,Dcj78BF:@7X2&gE2978
PRF_TST_2979,Dcj78BF:@7X2&gE2979
PRF_TST_2980,Dcj78BF:@7X2&gE2980
PRF_TST_2981,Dcj78BF:@7X2&gE2981
PRF_TST_2982,Dcj78BF:@7X2&gE2982
PRF_TST_2983,Dcj78BF:@7X2&gE2983
PRF_TST_2984,Dcj78BF:@7X2&gE2984
PRF_TST_2985,Dcj78BF:@7X2&gE2985
PRF_TST_2986,Dcj78BF:@7X2&gE2986
PRF_TST_2987,Dcj78BF:@7X2&gE2987
PRF_TST_2988,Dcj78BF:@7X2&gE2988
PRF_TST_2989,Dcj78BF:@7X2&gE2989
PRF_TST_2990,Dcj78BF:@7X2&gE2990
PRF_TST_2991,Dcj78BF:@7X2&gE2991
PRF_TST_2992,Dcj78BF:@7X2&gE2992
PRF_TST_2993,Dcj78BF:@7X2&gE2993
PRF_TST_2994,Dcj78BF:@7X2&gE2994
PRF_TST_2995,Dcj78BF:@7X2&gE2995
PRF_TST_2996,Dcj78BF:@7X2&gE2996
PRF_TST_2997,Dcj78BF:@7X2&gE2997
PRF_TST_2998,Dcj78BF:@7X2&gE2998
PRF_TST_2999,Dcj78BF:@7X2&gE2999
PRF_TST_3000,Dcj78BF:@7X2&gE3000
